# Blender 5.1.2
# www.blender.org
mtllib ARMATUREEEEEE.mtl
o Cone
o Sphere.003
v 0.061186 0.309197 0.017352
v -0.004316 0.307659 0.086859
v -0.004973 0.660608 0.025532
v -0.005392 0.310668 -0.051126
v -0.070895 0.309130 0.018381
v -0.004140 0.678655 0.024673
v -0.004140 0.678159 0.019637
v -0.003157 0.678159 0.019734
v -0.002213 0.678159 0.020021
v -0.001342 0.678159 0.020486
v -0.000579 0.678159 0.021112
v 0.000047 0.678159 0.021875
v 0.000513 0.678159 0.022746
v 0.000799 0.678159 0.023690
v 0.000896 0.678159 0.024673
v 0.000799 0.678159 0.025655
v 0.000513 0.678159 0.026600
v 0.000047 0.678159 0.027470
v -0.000579 0.678159 0.028233
v -0.001342 0.678159 0.028860
v -0.002213 0.678159 0.029325
v -0.003157 0.678159 0.029611
v -0.004140 0.678159 0.029708
v -0.005122 0.678159 0.029611
v -0.006067 0.678159 0.029325
v -0.006937 0.678159 0.028860
v -0.007700 0.678159 0.028233
v -0.008326 0.678159 0.027470
v -0.008792 0.678159 0.026600
v -0.009078 0.678159 0.025655
v -0.009175 0.678159 0.024673
v -0.009078 0.678159 0.023690
v -0.008792 0.678159 0.022746
v -0.008326 0.678159 0.021875
v -0.007700 0.678159 0.021112
v -0.006937 0.678159 0.020486
v -0.006067 0.678159 0.020021
v -0.005122 0.678159 0.019734
v -0.006067 0.676690 0.014985
v -0.006937 0.674305 0.010608
v -0.007919 0.676690 0.015547
v -0.004140 0.676690 0.014795
v -0.004140 0.674305 0.010333
v -0.002213 0.676690 0.014985
v -0.001342 0.674305 0.010608
v -0.000360 0.676690 0.015547
v 0.001348 0.674305 0.011424
v 0.001348 0.676690 0.016460
v 0.003827 0.674305 0.012750
v 0.002845 0.676690 0.017688
v 0.006000 0.674305 0.014533
v 0.004073 0.676690 0.019185
v 0.007784 0.674305 0.016706
v 0.004986 0.676690 0.020893
v 0.009109 0.674305 0.019185
v 0.005548 0.676690 0.022746
v 0.009925 0.674305 0.021875
v 0.005738 0.676690 0.024673
v 0.010200 0.674305 0.024673
v 0.005548 0.676690 0.026600
v 0.009925 0.674305 0.027470
v 0.004986 0.676690 0.028453
v 0.009109 0.674305 0.030160
v 0.004073 0.676690 0.030160
v 0.007784 0.674305 0.032640
v 0.002845 0.676690 0.031657
v 0.006000 0.674305 0.034813
v 0.001348 0.676690 0.032886
v 0.003827 0.674305 0.036596
v -0.000360 0.676690 0.033798
v 0.001348 0.674305 0.037921
v -0.002213 0.676690 0.034360
v -0.001342 0.674305 0.038737
v -0.004140 0.676690 0.034550
v -0.004140 0.674305 0.039013
v -0.006067 0.676690 0.034360
v -0.006937 0.674305 0.038737
v -0.007919 0.676690 0.033798
v -0.009627 0.674305 0.037921
v -0.009627 0.676690 0.032886
v -0.012106 0.674305 0.036596
v -0.011124 0.676690 0.031657
v -0.014279 0.674305 0.034813
v -0.012352 0.676690 0.030160
v -0.016063 0.674305 0.032639
v -0.013265 0.676690 0.028453
v -0.017388 0.674305 0.030160
v -0.013827 0.676690 0.026600
v -0.018204 0.674305 0.027470
v -0.014017 0.676690 0.024673
v -0.018479 0.674305 0.024673
v -0.013827 0.676690 0.022746
v -0.018204 0.674305 0.021875
v -0.013265 0.676690 0.020893
v -0.017388 0.674305 0.019185
v -0.012352 0.676690 0.019185
v -0.016063 0.674305 0.016706
v -0.011124 0.676690 0.017688
v -0.014279 0.674305 0.014533
v -0.009627 0.676690 0.016460
v -0.012106 0.674305 0.012750
v -0.014279 0.671095 0.009497
v -0.009627 0.674305 0.011424
v -0.011124 0.671095 0.007811
v -0.012352 0.667184 0.004845
v -0.007700 0.671095 0.006772
v -0.008326 0.667184 0.003624
v -0.004140 0.671095 0.006422
v -0.004140 0.667184 0.003212
v -0.000579 0.671095 0.006772
v 0.000047 0.667184 0.003624
v 0.002845 0.671095 0.007811
v 0.004073 0.667184 0.004845
v 0.006000 0.671095 0.009497
v 0.007784 0.667184 0.006829
v 0.008766 0.671095 0.011767
v 0.011036 0.667184 0.009497
v 0.011036 0.671095 0.014533
v 0.013705 0.667184 0.012750
v 0.012722 0.671095 0.017688
v 0.015688 0.667184 0.016460
v 0.013761 0.671095 0.021112
v 0.016909 0.667184 0.020486
v 0.014112 0.671095 0.024673
v 0.017322 0.667184 0.024673
v 0.013761 0.671095 0.028233
v 0.016909 0.667184 0.028860
v 0.012722 0.671095 0.031657
v 0.015688 0.667184 0.032886
v 0.011036 0.671095 0.034813
v 0.013705 0.667184 0.036596
v 0.008766 0.671095 0.037578
v 0.011036 0.667184 0.039848
v 0.006000 0.671095 0.039848
v 0.007784 0.667184 0.042517
v 0.002845 0.671095 0.041535
v 0.004073 0.667184 0.044500
v -0.000579 0.671095 0.042573
v 0.000047 0.667184 0.045721
v -0.004140 0.671095 0.042924
v -0.004140 0.667184 0.046134
v -0.007700 0.671095 0.042573
v -0.008326 0.667184 0.045721
v -0.011124 0.671095 0.041535
v -0.012352 0.667184 0.044500
v -0.014279 0.671095 0.039848
v -0.016063 0.667184 0.042517
v -0.017045 0.671095 0.037578
v -0.019315 0.667184 0.039848
v -0.019315 0.671095 0.034813
v -0.021984 0.667184 0.036596
v -0.021001 0.671095 0.031657
v -0.023967 0.667184 0.032886
v -0.022040 0.671095 0.028233
v -0.025188 0.667184 0.028860
v -0.022391 0.671095 0.024673
v -0.025601 0.667184 0.024673
v -0.022040 0.671095 0.021112
v -0.025188 0.667184 0.020486
v -0.021001 0.671095 0.017688
v -0.023967 0.667184 0.016460
v -0.019315 0.671095 0.014533
v -0.021984 0.667184 0.012750
v -0.017045 0.671095 0.011767
v -0.019315 0.667184 0.009497
v -0.021001 0.662721 0.007811
v -0.016063 0.667184 0.006829
v -0.017388 0.662721 0.004845
v -0.018204 0.657879 0.003624
v -0.013265 0.662721 0.002642
v -0.013827 0.657879 0.001285
v -0.008792 0.662721 0.001285
v -0.009078 0.657879 -0.000156
v -0.004140 0.662721 0.000826
v -0.004140 0.657879 -0.000642
v 0.000513 0.662721 0.001285
v 0.000799 0.657879 -0.000156
v 0.004986 0.662721 0.002642
v 0.005548 0.657879 0.001285
v 0.009109 0.662721 0.004845
v 0.009925 0.657879 0.003624
v 0.012722 0.662721 0.007811
v 0.013761 0.657879 0.006772
v 0.015688 0.662721 0.011424
v 0.016909 0.657879 0.010608
v 0.017892 0.662721 0.015547
v 0.019249 0.657879 0.014985
v 0.019249 0.662721 0.020021
v 0.020689 0.657879 0.019734
v 0.019707 0.662721 0.024673
v 0.021176 0.657879 0.024673
v 0.019249 0.662721 0.029325
v 0.020689 0.657879 0.029611
v 0.017892 0.662721 0.033798
v 0.019249 0.657879 0.034360
v 0.015688 0.662721 0.037921
v 0.016909 0.657879 0.038737
v 0.012722 0.662721 0.041535
v 0.013761 0.657879 0.042573
v 0.009109 0.662721 0.044500
v 0.009925 0.657879 0.045721
v 0.004986 0.662721 0.046704
v 0.005548 0.657879 0.048061
v 0.000513 0.662721 0.048061
v 0.000799 0.657879 0.049501
v -0.004140 0.662721 0.048519
v -0.004140 0.657879 0.049988
v -0.008792 0.662721 0.048061
v -0.009078 0.657879 0.049501
v -0.013265 0.662721 0.046704
v -0.013827 0.657879 0.048061
v -0.017388 0.662721 0.044500
v -0.018204 0.657879 0.045721
v -0.021001 0.662721 0.041535
v -0.022040 0.657879 0.042573
v -0.023967 0.662721 0.037921
v -0.025188 0.657879 0.038737
v -0.026171 0.662721 0.033798
v -0.027528 0.657879 0.034360
v -0.027528 0.662721 0.029325
v -0.028968 0.657879 0.029611
v -0.027986 0.662721 0.024673
v -0.029455 0.657879 0.024673
v -0.027528 0.662721 0.020021
v -0.028968 0.657879 0.019734
v -0.026171 0.662721 0.015547
v -0.027528 0.657879 0.014985
v -0.023967 0.662721 0.011424
v -0.025188 0.657879 0.010608
v -0.025601 0.652844 0.010333
v -0.022040 0.657879 0.006772
v -0.022391 0.652844 0.006422
v -0.022040 0.647808 0.006772
v -0.018479 0.652844 0.003212
v -0.018204 0.647808 0.003624
v -0.014017 0.652844 0.000826
v -0.013827 0.647808 0.001285
v -0.009175 0.652844 -0.000642
v -0.009078 0.647808 -0.000156
v -0.004140 0.652844 -0.001138
v -0.004140 0.647808 -0.000642
v 0.000896 0.652844 -0.000642
v 0.000799 0.647808 -0.000156
v 0.005738 0.652844 0.000826
v 0.005548 0.647808 0.001285
v 0.010200 0.652844 0.003212
v 0.009925 0.647808 0.003624
v 0.014112 0.652844 0.006422
v 0.013761 0.647808 0.006772
v 0.017322 0.652844 0.010333
v 0.016909 0.647808 0.010608
v 0.019707 0.652844 0.014795
v 0.019249 0.647808 0.014985
v 0.021176 0.652844 0.019637
v 0.020689 0.647808 0.019734
v 0.021671 0.652844 0.024673
v 0.021176 0.647808 0.024673
v 0.021175 0.652844 0.029708
v 0.020689 0.647808 0.029611
v 0.019707 0.652844 0.034550
v 0.019249 0.647808 0.034360
v 0.017322 0.652844 0.039013
v 0.016909 0.647808 0.038737
v 0.014112 0.652844 0.042924
v 0.013761 0.647808 0.042573
v 0.010200 0.652844 0.046134
v 0.009925 0.647808 0.045721
v 0.005738 0.652844 0.048519
v 0.005548 0.647808 0.048061
v 0.000896 0.652844 0.049988
v 0.000799 0.647808 0.049501
v -0.004140 0.652844 0.050484
v -0.004140 0.647808 0.049988
v -0.009175 0.652844 0.049988
v -0.009078 0.647808 0.049501
v -0.014017 0.652844 0.048519
v -0.013827 0.647808 0.048061
v -0.018479 0.652844 0.046134
v -0.018204 0.647808 0.045721
v -0.022391 0.652844 0.042924
v -0.022040 0.647808 0.042573
v -0.025601 0.652844 0.039013
v -0.025188 0.647808 0.038737
v -0.027986 0.652844 0.034550
v -0.027528 0.647808 0.034360
v -0.029455 0.652844 0.029708
v -0.028968 0.647808 0.029611
v -0.029951 0.652844 0.024673
v -0.029455 0.647808 0.024673
v -0.029455 0.652844 0.019637
v -0.028968 0.647808 0.019734
v -0.027986 0.652844 0.014795
v -0.027528 0.647808 0.014985
v -0.026171 0.642966 0.015547
v -0.025188 0.647808 0.010608
v -0.023967 0.642966 0.011424
v -0.021984 0.638504 0.012750
v -0.021001 0.642966 0.007811
v -0.019315 0.638504 0.009497
v -0.017388 0.642966 0.004845
v -0.016063 0.638504 0.006829
v -0.013265 0.642966 0.002642
v -0.012352 0.638504 0.004845
v -0.008792 0.642966 0.001285
v -0.008326 0.638504 0.003624
v -0.004140 0.642966 0.000826
v -0.004140 0.638504 0.003212
v 0.000513 0.642966 0.001285
v 0.000047 0.638504 0.003624
v 0.004986 0.642966 0.002642
v 0.004073 0.638504 0.004845
v 0.009109 0.642966 0.004845
v 0.007784 0.638504 0.006829
v 0.012722 0.642966 0.007811
v 0.011036 0.638504 0.009497
v 0.015688 0.642966 0.011424
v 0.013705 0.638504 0.012750
v 0.017892 0.642966 0.015547
v 0.015688 0.638504 0.016460
v 0.019249 0.642966 0.020021
v 0.016909 0.638504 0.020486
v 0.019707 0.642966 0.024673
v 0.017322 0.638504 0.024673
v 0.019249 0.642966 0.029325
v 0.016909 0.638504 0.028860
v 0.017892 0.642966 0.033798
v 0.015688 0.638504 0.032886
v 0.015688 0.642966 0.037921
v 0.013705 0.638504 0.036596
v 0.012722 0.642966 0.041535
v 0.011036 0.638504 0.039848
v 0.009109 0.642966 0.044500
v 0.007784 0.638504 0.042517
v 0.004986 0.642966 0.046704
v 0.004073 0.638504 0.044500
v 0.000513 0.642966 0.048061
v 0.000047 0.638504 0.045721
v -0.004140 0.642966 0.048519
v -0.004140 0.638504 0.046134
v -0.008792 0.642966 0.048061
v -0.008326 0.638504 0.045721
v -0.013265 0.642966 0.046704
v -0.012352 0.638504 0.044500
v -0.017388 0.642966 0.044500
v -0.016063 0.638504 0.042517
v -0.021001 0.642966 0.041535
v -0.019315 0.638504 0.039848
v -0.023967 0.642966 0.037921
v -0.021984 0.638504 0.036596
v -0.026171 0.642966 0.033798
v -0.023967 0.638504 0.032886
v -0.027528 0.642966 0.029325
v -0.025188 0.638504 0.028860
v -0.027986 0.642966 0.024673
v -0.025601 0.638504 0.024673
v -0.027528 0.642966 0.020021
v -0.025188 0.638504 0.020486
v -0.022040 0.634593 0.021112
v -0.023967 0.638504 0.016460
v -0.021001 0.634593 0.017688
v -0.017388 0.631383 0.019185
v -0.019315 0.634593 0.014533
v -0.016063 0.631383 0.016706
v -0.017045 0.634593 0.011767
v -0.014279 0.631383 0.014533
v -0.014279 0.634593 0.009497
v -0.012106 0.631383 0.012750
v -0.011124 0.634593 0.007811
v -0.009627 0.631383 0.011424
v -0.007700 0.634593 0.006772
v -0.006937 0.631383 0.010608
v -0.004140 0.634593 0.006422
v -0.004140 0.631383 0.010333
v -0.000579 0.634593 0.006772
v -0.001342 0.631383 0.010608
v 0.002845 0.634593 0.007811
v 0.001348 0.631383 0.011424
v 0.006000 0.634593 0.009497
v 0.003827 0.631383 0.012750
v 0.008766 0.634593 0.011767
v 0.006000 0.631383 0.014533
v 0.011036 0.634593 0.014533
v 0.007784 0.631383 0.016706
v 0.012722 0.634593 0.017688
v 0.009109 0.631383 0.019185
v 0.013761 0.634593 0.021112
v 0.009925 0.631383 0.021875
v 0.014112 0.634593 0.024673
v 0.010200 0.631383 0.024673
v 0.013761 0.634593 0.028233
v 0.009925 0.631383 0.027470
v 0.012722 0.634593 0.031657
v 0.009109 0.631383 0.030160
v 0.011036 0.634593 0.034813
v 0.007784 0.631383 0.032640
v 0.008766 0.634593 0.037578
v 0.006000 0.631383 0.034813
v 0.006000 0.634593 0.039848
v 0.003827 0.631383 0.036596
v 0.002845 0.634593 0.041535
v 0.001348 0.631383 0.037921
v -0.000579 0.634593 0.042573
v -0.001342 0.631383 0.038737
v -0.004140 0.634593 0.042924
v -0.004140 0.631383 0.039013
v -0.007700 0.634593 0.042573
v -0.006937 0.631383 0.038737
v -0.011124 0.634593 0.041535
v -0.009627 0.631383 0.037921
v -0.014279 0.634593 0.039848
v -0.012106 0.631383 0.036596
v -0.017045 0.634593 0.037578
v -0.014279 0.631383 0.034813
v -0.019315 0.634593 0.034813
v -0.016063 0.631383 0.032639
v -0.021001 0.634593 0.031657
v -0.017388 0.631383 0.030160
v -0.022040 0.634593 0.028233
v -0.018204 0.631383 0.027470
v -0.022391 0.634593 0.024673
v -0.018479 0.631383 0.024673
v -0.014017 0.628997 0.024673
v -0.018204 0.631383 0.021875
v -0.013827 0.628997 0.022746
v -0.009078 0.627529 0.023690
v -0.013265 0.628997 0.020893
v -0.008792 0.627529 0.022746
v -0.012352 0.628997 0.019185
v -0.008326 0.627529 0.021875
v -0.011124 0.628997 0.017688
v -0.007700 0.627529 0.021112
v -0.009627 0.628997 0.016460
v -0.006937 0.627529 0.020486
v -0.007919 0.628997 0.015547
v -0.006067 0.627529 0.020021
v -0.006067 0.628997 0.014985
v -0.005122 0.627529 0.019734
v -0.004140 0.628997 0.014795
v -0.004140 0.627529 0.019637
v -0.002213 0.628997 0.014985
v -0.003157 0.627529 0.019734
v -0.000360 0.628997 0.015547
v -0.002213 0.627529 0.020021
v 0.001348 0.628997 0.016460
v -0.001342 0.627529 0.020486
v 0.002845 0.628997 0.017688
v -0.000579 0.627529 0.021112
v 0.004073 0.628997 0.019185
v 0.000047 0.627529 0.021875
v 0.004986 0.628997 0.020893
v 0.000513 0.627529 0.022746
v 0.005548 0.628997 0.022746
v 0.000799 0.627529 0.023690
v 0.005738 0.628997 0.024673
v 0.000896 0.627529 0.024673
v 0.005548 0.628997 0.026600
v 0.000799 0.627529 0.025655
v 0.004986 0.628997 0.028453
v 0.000513 0.627529 0.026600
v 0.004073 0.628997 0.030160
v 0.000047 0.627529 0.027470
v 0.002845 0.628997 0.031657
v -0.000579 0.627529 0.028233
v 0.001348 0.628997 0.032886
v -0.001342 0.627529 0.028860
v -0.000360 0.628997 0.033798
v -0.002213 0.627529 0.029325
v -0.002213 0.628997 0.034360
v -0.003157 0.627529 0.029611
v -0.004140 0.628997 0.034550
v -0.004140 0.627529 0.029708
v -0.006067 0.628997 0.034360
v -0.005122 0.627529 0.029611
v -0.007919 0.628997 0.033798
v -0.006067 0.627529 0.029325
v -0.009627 0.628997 0.032886
v -0.006937 0.627529 0.028860
v -0.011124 0.628997 0.031657
v -0.007700 0.627529 0.028233
v -0.012352 0.628997 0.030160
v -0.008326 0.627529 0.027470
v -0.013265 0.628997 0.028453
v -0.008792 0.627529 0.026600
v -0.013827 0.628997 0.026600
v -0.009078 0.627529 0.025655
v -0.009175 0.627529 0.024673
v -0.004140 0.627033 0.024673
v -0.004018 0.308322 0.084758
v 0.062759 0.309520 0.015980
v -0.004932 0.239400 0.015980
v -0.072931 0.309188 0.018116
v -0.006154 0.310386 -0.050662
v 0.059250 -0.090228 0.008606
v -0.006252 -0.091766 0.078112
v -0.006909 0.261183 0.016786
v -0.007329 -0.088757 -0.059872
v -0.072831 -0.090295 0.009634
v -0.006076 0.279230 0.015926
v -0.006076 0.278734 0.010891
v -0.005093 0.278734 0.010988
v -0.004149 0.278734 0.011274
v -0.003278 0.278734 0.011740
v -0.002515 0.278734 0.012366
v -0.001889 0.278734 0.013129
v -0.001424 0.278734 0.013999
v -0.001137 0.278734 0.014944
v -0.001040 0.278734 0.015926
v -0.001137 0.278734 0.016909
v -0.001424 0.278734 0.017853
v -0.001889 0.278734 0.018724
v -0.002515 0.278734 0.019487
v -0.003278 0.278734 0.020113
v -0.004149 0.278734 0.020579
v -0.005093 0.278734 0.020865
v -0.006076 0.278734 0.020962
v -0.007058 0.278734 0.020865
v -0.008003 0.278734 0.020579
v -0.008873 0.278734 0.020113
v -0.009636 0.278734 0.019487
v -0.010263 0.278734 0.018724
v -0.010728 0.278734 0.017853
v -0.011015 0.278734 0.016909
v -0.011111 0.278734 0.015926
v -0.011015 0.278734 0.014944
v -0.010728 0.278734 0.013999
v -0.010263 0.278734 0.013129
v -0.009636 0.278734 0.012366
v -0.008873 0.278734 0.011740
v -0.008003 0.278734 0.011274
v -0.007058 0.278734 0.010988
v -0.008003 0.277265 0.006239
v -0.008873 0.274880 0.001862
v -0.009856 0.277265 0.006801
v -0.006076 0.277265 0.006049
v -0.006076 0.274880 0.001587
v -0.004149 0.277265 0.006239
v -0.003278 0.274880 0.001862
v -0.002296 0.277265 0.006801
v -0.000588 0.274880 0.002678
v -0.000588 0.277265 0.007714
v 0.001891 0.274880 0.004003
v 0.000909 0.277265 0.008942
v 0.004064 0.274880 0.005787
v 0.002137 0.277265 0.010439
v 0.005847 0.274880 0.007960
v 0.003050 0.277265 0.012146
v 0.007172 0.274880 0.010439
v 0.003612 0.277265 0.013999
v 0.007988 0.274880 0.013129
v 0.003802 0.277265 0.015926
v 0.008264 0.274880 0.015926
v 0.003612 0.277265 0.017853
v 0.007988 0.274880 0.018724
v 0.003050 0.277265 0.019706
v 0.007172 0.274880 0.021414
v 0.002137 0.277265 0.021414
v 0.005847 0.274880 0.023893
v 0.000909 0.277265 0.022911
v 0.004064 0.274880 0.026066
v -0.000588 0.277265 0.024139
v 0.001891 0.274880 0.027850
v -0.002296 0.277265 0.025052
v -0.000588 0.274880 0.029175
v -0.004149 0.277265 0.025614
v -0.003278 0.274880 0.029991
v -0.006076 0.277265 0.025804
v -0.006076 0.274880 0.030266
v -0.008003 0.277265 0.025614
v -0.008873 0.274880 0.029991
v -0.009856 0.277265 0.025052
v -0.011563 0.274880 0.029175
v -0.011563 0.277265 0.024139
v -0.014043 0.274880 0.027850
v -0.013060 0.277265 0.022911
v -0.016216 0.274880 0.026066
v -0.014289 0.277265 0.021414
v -0.017999 0.274880 0.023893
v -0.015201 0.277265 0.019706
v -0.019324 0.274880 0.021414
v -0.015763 0.277265 0.017853
v -0.020140 0.274880 0.018724
v -0.015953 0.277265 0.015926
v -0.020416 0.274880 0.015926
v -0.015763 0.277265 0.013999
v -0.020140 0.274880 0.013129
v -0.015201 0.277265 0.012146
v -0.019324 0.274880 0.010439
v -0.014289 0.277265 0.010439
v -0.017999 0.274880 0.007960
v -0.013060 0.277265 0.008942
v -0.016216 0.274880 0.005787
v -0.011563 0.277265 0.007714
v -0.014043 0.274880 0.004003
v -0.016216 0.271670 0.000751
v -0.011563 0.274880 0.002678
v -0.013060 0.271670 -0.000935
v -0.014289 0.267759 -0.003901
v -0.009636 0.271670 -0.001974
v -0.010263 0.267759 -0.005122
v -0.006076 0.271670 -0.002325
v -0.006076 0.267759 -0.005535
v -0.002515 0.271670 -0.001974
v -0.001889 0.267759 -0.005122
v 0.000909 0.271670 -0.000935
v 0.002137 0.267759 -0.003901
v 0.004064 0.271670 0.000751
v 0.005847 0.267759 -0.001918
v 0.006830 0.271670 0.003021
v 0.009099 0.267759 0.000751
v 0.009099 0.271670 0.005787
v 0.011768 0.267759 0.004003
v 0.010786 0.271670 0.008942
v 0.013752 0.267759 0.007714
v 0.011825 0.271670 0.012366
v 0.014973 0.267759 0.011740
v 0.012175 0.271670 0.015926
v 0.015385 0.267759 0.015926
v 0.011825 0.271670 0.019487
v 0.014973 0.267759 0.020113
v 0.010786 0.271670 0.022911
v 0.013752 0.267759 0.024139
v 0.009099 0.271670 0.026066
v 0.011768 0.267759 0.027850
v 0.006830 0.271670 0.028832
v 0.009099 0.267759 0.031102
v 0.004064 0.271670 0.031102
v 0.005847 0.267759 0.033771
v 0.000909 0.271670 0.032788
v 0.002137 0.267759 0.035754
v -0.002515 0.271670 0.033827
v -0.001889 0.267759 0.036975
v -0.006076 0.271670 0.034178
v -0.006076 0.267759 0.037387
v -0.009636 0.271670 0.033827
v -0.010263 0.267759 0.036975
v -0.013060 0.271670 0.032788
v -0.014289 0.267759 0.035754
v -0.016216 0.271670 0.031102
v -0.017999 0.267759 0.033771
v -0.018981 0.271670 0.028832
v -0.021251 0.267759 0.031102
v -0.021251 0.271670 0.026066
v -0.023920 0.267759 0.027850
v -0.022938 0.271670 0.022911
v -0.025903 0.267759 0.024139
v -0.023976 0.271670 0.019487
v -0.027125 0.267759 0.020113
v -0.024327 0.271670 0.015926
v -0.027537 0.267759 0.015926
v -0.023976 0.271670 0.012366
v -0.027124 0.267759 0.011740
v -0.022938 0.271670 0.008942
v -0.025903 0.267759 0.007714
v -0.021251 0.271670 0.005787
v -0.023920 0.267759 0.004003
v -0.018981 0.271670 0.003021
v -0.021251 0.267759 0.000751
v -0.022938 0.263296 -0.000935
v -0.017999 0.267759 -0.001918
v -0.019324 0.263296 -0.003901
v -0.020140 0.258454 -0.005122
v -0.015201 0.263296 -0.006105
v -0.015763 0.258454 -0.007462
v -0.010728 0.263296 -0.007462
v -0.011015 0.258454 -0.008902
v -0.006076 0.263296 -0.007920
v -0.006076 0.258454 -0.009389
v -0.001424 0.263296 -0.007462
v -0.001137 0.258454 -0.008902
v 0.003050 0.263296 -0.006105
v 0.003612 0.258454 -0.007462
v 0.007172 0.263296 -0.003901
v 0.007988 0.258454 -0.005122
v 0.010786 0.263296 -0.000935
v 0.011825 0.258454 -0.001974
v 0.013752 0.263296 0.002678
v 0.014973 0.258454 0.001862
v 0.015955 0.263296 0.006801
v 0.017312 0.258454 0.006239
v 0.017312 0.263296 0.011274
v 0.018753 0.258454 0.010988
v 0.017770 0.263296 0.015926
v 0.019239 0.258454 0.015926
v 0.017312 0.263296 0.020579
v 0.018753 0.258454 0.020865
v 0.015955 0.263296 0.025052
v 0.017312 0.258454 0.025614
v 0.013752 0.263296 0.029175
v 0.014973 0.258454 0.029991
v 0.010786 0.263296 0.032788
v 0.011825 0.258454 0.033827
v 0.007172 0.263296 0.035754
v 0.007988 0.258454 0.036975
v 0.003050 0.263296 0.037957
v 0.003612 0.258454 0.039314
v -0.001424 0.263296 0.039314
v -0.001137 0.258454 0.040755
v -0.006076 0.263296 0.039773
v -0.006076 0.258454 0.041241
v -0.010728 0.263296 0.039314
v -0.011015 0.258454 0.040755
v -0.015201 0.263296 0.037957
v -0.015763 0.258454 0.039314
v -0.019324 0.263296 0.035754
v -0.020140 0.258454 0.036975
v -0.022938 0.263296 0.032788
v -0.023976 0.258454 0.033827
v -0.025903 0.263296 0.029175
v -0.027125 0.258454 0.029991
v -0.028107 0.263296 0.025052
v -0.029464 0.258454 0.025614
v -0.029464 0.263296 0.020579
v -0.030904 0.258454 0.020865
v -0.029922 0.263296 0.015926
v -0.031391 0.258454 0.015926
v -0.029464 0.263296 0.011274
v -0.030904 0.258454 0.010988
v -0.028107 0.263296 0.006801
v -0.029464 0.258454 0.006239
v -0.025903 0.263296 0.002678
v -0.027124 0.258454 0.001862
v -0.027537 0.253419 0.001587
v -0.023976 0.258454 -0.001974
v -0.024327 0.253419 -0.002325
v -0.023976 0.248383 -0.001974
v -0.020416 0.253419 -0.005535
v -0.020140 0.248383 -0.005122
v -0.015953 0.253419 -0.007920
v -0.015763 0.248383 -0.007462
v -0.011111 0.253419 -0.009389
v -0.011015 0.248383 -0.008902
v -0.006076 0.253419 -0.009885
v -0.006076 0.248383 -0.009389
v -0.001040 0.253419 -0.009389
v -0.001137 0.248383 -0.008902
v 0.003802 0.253419 -0.007920
v 0.003612 0.248383 -0.007462
v 0.008264 0.253419 -0.005535
v 0.007988 0.248383 -0.005122
v 0.012175 0.253419 -0.002325
v 0.011825 0.248383 -0.001974
v 0.015385 0.253419 0.001587
v 0.014973 0.248383 0.001862
v 0.017770 0.253419 0.006049
v 0.017312 0.248383 0.006239
v 0.019239 0.253419 0.010891
v 0.018753 0.248383 0.010988
v 0.019735 0.253419 0.015926
v 0.019239 0.248383 0.015926
v 0.019239 0.253419 0.020962
v 0.018753 0.248383 0.020865
v 0.017770 0.253419 0.025804
v 0.017312 0.248383 0.025614
v 0.015385 0.253419 0.030266
v 0.014973 0.248383 0.029991
v 0.012175 0.253419 0.034178
v 0.011825 0.248383 0.033827
v 0.008264 0.253419 0.037387
v 0.007988 0.248383 0.036975
v 0.003802 0.253419 0.039773
v 0.003612 0.248383 0.039314
v -0.001040 0.253419 0.041241
v -0.001137 0.248383 0.040755
v -0.006076 0.253419 0.041737
v -0.006076 0.248383 0.041241
v -0.011111 0.253419 0.041241
v -0.011015 0.248383 0.040755
v -0.015953 0.253419 0.039773
v -0.015763 0.248383 0.039314
v -0.020416 0.253419 0.037387
v -0.020140 0.248383 0.036975
v -0.024327 0.253419 0.034178
v -0.023976 0.248383 0.033827
v -0.027537 0.253419 0.030266
v -0.027125 0.248383 0.029991
v -0.029922 0.253419 0.025804
v -0.029464 0.248383 0.025614
v -0.031391 0.253419 0.020962
v -0.030904 0.248383 0.020865
v -0.031887 0.253419 0.015926
v -0.031391 0.248383 0.015926
v -0.031391 0.253419 0.010891
v -0.030904 0.248383 0.010988
v -0.029922 0.253419 0.006049
v -0.029464 0.248383 0.006239
v -0.028107 0.243541 0.006801
v -0.027124 0.248383 0.001862
v -0.025903 0.243541 0.002678
v -0.023920 0.239079 0.004003
v -0.022938 0.243541 -0.000935
v -0.021251 0.239079 0.000751
v -0.019324 0.243541 -0.003901
v -0.017999 0.239079 -0.001918
v -0.015201 0.243541 -0.006105
v -0.014289 0.239079 -0.003901
v -0.010728 0.243541 -0.007462
v -0.010263 0.239079 -0.005122
v -0.006076 0.243541 -0.007920
v -0.006076 0.239079 -0.005535
v -0.001424 0.243541 -0.007462
v -0.001889 0.239079 -0.005122
v 0.003050 0.243541 -0.006105
v 0.002137 0.239079 -0.003901
v 0.007172 0.243541 -0.003901
v 0.005847 0.239079 -0.001918
v 0.010786 0.243541 -0.000935
v 0.009099 0.239079 0.000751
v 0.013752 0.243541 0.002678
v 0.011768 0.239079 0.004003
v 0.015955 0.243541 0.006801
v 0.013752 0.239079 0.007714
v 0.017312 0.243541 0.011274
v 0.014973 0.239079 0.011740
v 0.017770 0.243541 0.015926
v 0.015385 0.239079 0.015926
v 0.017312 0.243541 0.020579
v 0.014973 0.239079 0.020113
v 0.015955 0.243541 0.025052
v 0.013752 0.239079 0.024139
v 0.013752 0.243541 0.029175
v 0.011768 0.239079 0.027850
v 0.010786 0.243541 0.032788
v 0.009099 0.239079 0.031102
v 0.007172 0.243541 0.035754
v 0.005847 0.239079 0.033771
v 0.003050 0.243541 0.037957
v 0.002137 0.239079 0.035754
v -0.001424 0.243541 0.039314
v -0.001889 0.239079 0.036975
v -0.006076 0.243541 0.039773
v -0.006076 0.239079 0.037387
v -0.010728 0.243541 0.039314
v -0.010263 0.239079 0.036975
v -0.015201 0.243541 0.037957
v -0.014289 0.239079 0.035754
v -0.019324 0.243541 0.035754
v -0.017999 0.239079 0.033771
v -0.022938 0.243541 0.032788
v -0.021251 0.239079 0.031102
v -0.025903 0.243541 0.029175
v -0.023920 0.239079 0.027850
v -0.028107 0.243541 0.025052
v -0.025903 0.239079 0.024139
v -0.029464 0.243541 0.020579
v -0.027125 0.239079 0.020113
v -0.029922 0.243541 0.015926
v -0.027537 0.239079 0.015926
v -0.029464 0.243541 0.011274
v -0.027124 0.239079 0.011740
v -0.023976 0.235168 0.012366
v -0.025903 0.239079 0.007714
v -0.022938 0.235168 0.008942
v -0.019324 0.231958 0.010439
v -0.021251 0.235168 0.005787
v -0.017999 0.231958 0.007960
v -0.018981 0.235168 0.003021
v -0.016216 0.231958 0.005787
v -0.016216 0.235168 0.000751
v -0.014043 0.231958 0.004003
v -0.013060 0.235168 -0.000935
v -0.011563 0.231958 0.002678
v -0.009636 0.235168 -0.001974
v -0.008873 0.231958 0.001862
v -0.006076 0.235168 -0.002325
v -0.006076 0.231958 0.001587
v -0.002515 0.235168 -0.001974
v -0.003278 0.231958 0.001862
v 0.000909 0.235168 -0.000935
v -0.000588 0.231958 0.002678
v 0.004064 0.235168 0.000751
v 0.001891 0.231958 0.004003
v 0.006830 0.235168 0.003021
v 0.004064 0.231958 0.005787
v 0.009099 0.235168 0.005787
v 0.005847 0.231958 0.007960
v 0.010786 0.235168 0.008942
v 0.007172 0.231958 0.010439
v 0.011825 0.235168 0.012366
v 0.007988 0.231958 0.013129
v 0.012175 0.235168 0.015926
v 0.008264 0.231958 0.015926
v 0.011825 0.235168 0.019487
v 0.007988 0.231958 0.018724
v 0.010786 0.235168 0.022911
v 0.007172 0.231958 0.021414
v 0.009099 0.235168 0.026066
v 0.005847 0.231958 0.023893
v 0.006830 0.235168 0.028832
v 0.004064 0.231958 0.026066
v 0.004064 0.235168 0.031102
v 0.001891 0.231958 0.027850
v 0.000909 0.235168 0.032788
v -0.000588 0.231958 0.029175
v -0.002515 0.235168 0.033827
v -0.003278 0.231958 0.029991
v -0.006076 0.235168 0.034178
v -0.006076 0.231958 0.030266
v -0.009636 0.235168 0.033827
v -0.008873 0.231958 0.029991
v -0.013060 0.235168 0.032788
v -0.011563 0.231958 0.029175
v -0.016216 0.235168 0.031102
v -0.014043 0.231958 0.027850
v -0.018981 0.235168 0.028832
v -0.016216 0.231958 0.026066
v -0.021251 0.235168 0.026066
v -0.017999 0.231958 0.023893
v -0.022938 0.235168 0.022911
v -0.019324 0.231958 0.021414
v -0.023976 0.235168 0.019487
v -0.020140 0.231958 0.018724
v -0.024327 0.235168 0.015926
v -0.020416 0.231958 0.015926
v -0.015953 0.229573 0.015926
v -0.020140 0.231958 0.013129
v -0.015763 0.229573 0.013999
v -0.011015 0.228104 0.014944
v -0.015201 0.229573 0.012146
v -0.010728 0.228104 0.013999
v -0.014289 0.229573 0.010439
v -0.010263 0.228104 0.013129
v -0.013060 0.229573 0.008942
v -0.009636 0.228104 0.012366
v -0.011563 0.229573 0.007714
v -0.008873 0.228104 0.011740
v -0.009856 0.229573 0.006801
v -0.008003 0.228104 0.011274
v -0.008003 0.229573 0.006239
v -0.007058 0.228104 0.010988
v -0.006076 0.229573 0.006049
v -0.006076 0.228104 0.010891
v -0.004149 0.229573 0.006239
v -0.005093 0.228104 0.010988
v -0.002296 0.229573 0.006801
v -0.004149 0.228104 0.011274
v -0.000588 0.229573 0.007714
v -0.003278 0.228104 0.011740
v 0.000909 0.229573 0.008942
v -0.002515 0.228104 0.012366
v 0.002137 0.229573 0.010439
v -0.001889 0.228104 0.013129
v 0.003050 0.229573 0.012146
v -0.001424 0.228104 0.013999
v 0.003612 0.229573 0.013999
v -0.001137 0.228104 0.014944
v 0.003802 0.229573 0.015926
v -0.001040 0.228104 0.015926
v 0.003612 0.229573 0.017853
v -0.001137 0.228104 0.016909
v 0.003050 0.229573 0.019706
v -0.001424 0.228104 0.017853
v 0.002137 0.229573 0.021414
v -0.001889 0.228104 0.018724
v 0.000909 0.229573 0.022911
v -0.002515 0.228104 0.019487
v -0.000588 0.229573 0.024139
v -0.003278 0.228104 0.020113
v -0.002296 0.229573 0.025052
v -0.004149 0.228104 0.020579
v -0.004149 0.229573 0.025614
v -0.005093 0.228104 0.020865
v -0.006076 0.229573 0.025804
v -0.006076 0.228104 0.020962
v -0.008003 0.229573 0.025614
v -0.007058 0.228104 0.020865
v -0.009856 0.229573 0.025052
v -0.008003 0.228104 0.020579
v -0.011563 0.229573 0.024139
v -0.008873 0.228104 0.020113
v -0.013060 0.229573 0.022911
v -0.009636 0.228104 0.019487
v -0.014289 0.229573 0.021414
v -0.010263 0.228104 0.018724
v -0.015201 0.229573 0.019706
v -0.010728 0.228104 0.017853
v -0.015763 0.229573 0.017853
v -0.011015 0.228104 0.016909
v -0.011111 0.228104 0.015926
v -0.006076 0.227608 0.015926
v -0.005954 -0.091102 0.076012
v 0.060823 -0.089904 0.007234
v -0.006868 -0.160024 0.007234
v -0.074867 -0.090237 0.009370
v -0.008091 -0.089039 -0.059408
vn 0.0003 -0.9998 -0.0218
vn 0.7212 0.1199 0.6823
vn 0.7105 0.1498 -0.6876
vn -0.7213 0.1490 -0.6764
vn -0.7106 0.1192 0.6934
vn -0.0392 0.9796 -0.1971
vn -0.0000 1.0000 -0.0000
vn -0.0000 0.9796 -0.2010
vn 0.0392 0.9796 -0.1971
vn 0.0769 0.9796 -0.1857
vn 0.1116 0.9796 -0.1671
vn 0.1421 0.9796 -0.1421
vn 0.1671 0.9796 -0.1117
vn 0.1857 0.9796 -0.0769
vn 0.1971 0.9796 -0.0392
vn 0.2010 0.9796 -0.0000
vn 0.1971 0.9796 0.0392
vn 0.1857 0.9796 0.0769
vn 0.1671 0.9796 0.1117
vn 0.1421 0.9796 0.1421
vn 0.1116 0.9796 0.1671
vn 0.0769 0.9796 0.1857
vn 0.0392 0.9796 0.1971
vn -0.0000 0.9796 0.2010
vn -0.0392 0.9796 0.1971
vn -0.0769 0.9796 0.1857
vn -0.1116 0.9796 0.1671
vn -0.1421 0.9796 0.1421
vn -0.1671 0.9796 0.1117
vn -0.1857 0.9796 0.0769
vn -0.1971 0.9796 0.0392
vn -0.2010 0.9796 -0.0000
vn -0.1971 0.9796 -0.0392
vn -0.1857 0.9796 -0.0769
vn -0.1671 0.9796 -0.1117
vn -0.1421 0.9796 -0.1421
vn -0.1116 0.9796 -0.1671
vn -0.0769 0.9796 -0.1857
vn -0.0757 0.9217 -0.3804
vn -0.0000 0.9217 -0.3879
vn -0.1484 0.9217 -0.3584
vn -0.1092 0.8286 -0.5490
vn -0.0000 0.8286 -0.5598
vn -0.2142 0.8286 -0.5172
vn 0.0757 0.9217 -0.3804
vn 0.1092 0.8286 -0.5490
vn 0.1484 0.9217 -0.3584
vn 0.2142 0.8286 -0.5172
vn 0.2155 0.9217 -0.3225
vn 0.3110 0.8286 -0.4654
vn 0.2743 0.9217 -0.2743
vn 0.3958 0.8286 -0.3958
vn 0.3225 0.9217 -0.2155
vn 0.4654 0.8286 -0.3110
vn 0.3584 0.9217 -0.1484
vn 0.5172 0.8286 -0.2142
vn 0.3804 0.9217 -0.0757
vn 0.5490 0.8286 -0.1092
vn 0.3879 0.9217 -0.0000
vn 0.5598 0.8286 -0.0000
vn 0.3804 0.9217 0.0757
vn 0.5490 0.8286 0.1092
vn 0.3584 0.9217 0.1484
vn 0.5172 0.8286 0.2142
vn 0.3225 0.9217 0.2155
vn 0.4654 0.8286 0.3110
vn 0.2743 0.9217 0.2743
vn 0.3958 0.8286 0.3958
vn 0.2155 0.9217 0.3225
vn 0.3110 0.8286 0.4654
vn 0.1484 0.9217 0.3584
vn 0.2142 0.8286 0.5172
vn 0.0757 0.9217 0.3804
vn 0.1092 0.8286 0.5490
vn -0.0000 0.9217 0.3879
vn -0.0000 0.8286 0.5598
vn -0.0757 0.9217 0.3804
vn -0.1092 0.8286 0.5490
vn -0.1484 0.9217 0.3584
vn -0.2142 0.8286 0.5172
vn -0.2155 0.9217 0.3225
vn -0.3110 0.8286 0.4654
vn -0.2743 0.9217 0.2743
vn -0.3958 0.8286 0.3958
vn -0.3225 0.9217 0.2155
vn -0.4654 0.8286 0.3110
vn -0.3584 0.9217 0.1484
vn -0.5172 0.8286 0.2142
vn -0.3804 0.9217 0.0757
vn -0.5490 0.8286 0.1092
vn -0.3879 0.9217 -0.0000
vn -0.5598 0.8286 -0.0000
vn -0.3804 0.9217 -0.0757
vn -0.5490 0.8286 -0.1092
vn -0.3584 0.9217 -0.1484
vn -0.5172 0.8286 -0.2142
vn -0.3225 0.9217 -0.2155
vn -0.4654 0.8286 -0.3110
vn -0.2743 0.9217 -0.2743
vn -0.3958 0.8286 -0.3958
vn -0.2155 0.9217 -0.3225
vn -0.3110 0.8286 -0.4654
vn -0.3945 0.7041 -0.5905
vn -0.2718 0.7041 -0.6561
vn -0.5021 0.7041 -0.5021
vn -0.1385 0.7041 -0.6965
vn -0.3189 0.5528 -0.7699
vn -0.1626 0.5528 -0.8173
vn -0.4630 0.5528 -0.6929
vn -0.0000 0.7041 -0.7101
vn -0.0000 0.5528 -0.8333
vn 0.1385 0.7041 -0.6965
vn 0.1626 0.5528 -0.8173
vn 0.2718 0.7041 -0.6561
vn 0.3189 0.5528 -0.7699
vn 0.3945 0.7041 -0.5905
vn 0.4630 0.5528 -0.6929
vn 0.5021 0.7041 -0.5021
vn 0.5893 0.5528 -0.5893
vn 0.5905 0.7041 -0.3945
vn 0.6929 0.5528 -0.4630
vn 0.6561 0.7041 -0.2718
vn 0.7699 0.5528 -0.3189
vn 0.6965 0.7041 -0.1385
vn 0.8173 0.5528 -0.1626
vn 0.7101 0.7041 -0.0000
vn 0.8333 0.5528 -0.0000
vn 0.6965 0.7041 0.1385
vn 0.8173 0.5528 0.1626
vn 0.6561 0.7041 0.2718
vn 0.7699 0.5528 0.3189
vn 0.5905 0.7041 0.3945
vn 0.6929 0.5528 0.4630
vn 0.5021 0.7041 0.5021
vn 0.5893 0.5528 0.5893
vn 0.3945 0.7041 0.5905
vn 0.4630 0.5528 0.6929
vn 0.2718 0.7041 0.6561
vn 0.3189 0.5528 0.7699
vn 0.1385 0.7041 0.6965
vn 0.1626 0.5528 0.8173
vn -0.0000 0.7041 0.7101
vn -0.0000 0.5528 0.8333
vn -0.1385 0.7041 0.6965
vn -0.1626 0.5528 0.8173
vn -0.2718 0.7041 0.6561
vn -0.3189 0.5528 0.7699
vn -0.3945 0.7041 0.5905
vn -0.4630 0.5528 0.6929
vn -0.5021 0.7041 0.5021
vn -0.5893 0.5528 0.5893
vn -0.5905 0.7041 0.3945
vn -0.6929 0.5528 0.4630
vn -0.6561 0.7041 0.2718
vn -0.7699 0.5528 0.3189
vn -0.6965 0.7041 0.1385
vn -0.8173 0.5528 0.1626
vn -0.7101 0.7041 -0.0000
vn -0.8333 0.5528 -0.0000
vn -0.6965 0.7041 -0.1385
vn -0.8173 0.5528 -0.1626
vn -0.6561 0.7041 -0.2718
vn -0.7699 0.5528 -0.3189
vn -0.5905 0.7041 -0.3945
vn -0.6929 0.5528 -0.4630
vn -0.5893 0.5528 -0.5893
vn -0.6539 0.3805 -0.6539
vn -0.5138 0.3805 -0.7689
vn -0.7689 0.3805 -0.5138
vn -0.3539 0.3805 -0.8544
vn -0.5450 0.1939 -0.8157
vn -0.3754 0.1939 -0.9063
vn -0.6937 0.1939 -0.6937
vn -0.1804 0.3805 -0.9070
vn -0.1914 0.1939 -0.9622
vn -0.0000 0.3805 -0.9248
vn -0.0000 0.1939 -0.9810
vn 0.1804 0.3805 -0.9070
vn 0.1914 0.1939 -0.9622
vn 0.3539 0.3805 -0.8544
vn 0.3754 0.1939 -0.9063
vn 0.5138 0.3805 -0.7689
vn 0.5450 0.1939 -0.8157
vn 0.6539 0.3805 -0.6539
vn 0.6937 0.1939 -0.6937
vn 0.7689 0.3805 -0.5138
vn 0.8157 0.1939 -0.5450
vn 0.8544 0.3805 -0.3539
vn 0.9063 0.1939 -0.3754
vn 0.9070 0.3805 -0.1804
vn 0.9622 0.1939 -0.1914
vn 0.9248 0.3805 -0.0000
vn 0.9810 0.1939 -0.0000
vn 0.9070 0.3805 0.1804
vn 0.9622 0.1939 0.1914
vn 0.8544 0.3805 0.3539
vn 0.9063 0.1939 0.3754
vn 0.7689 0.3805 0.5138
vn 0.8157 0.1939 0.5450
vn 0.6539 0.3805 0.6539
vn 0.6937 0.1939 0.6937
vn 0.5138 0.3805 0.7689
vn 0.5450 0.1939 0.8157
vn 0.3539 0.3805 0.8544
vn 0.3754 0.1939 0.9063
vn 0.1804 0.3805 0.9070
vn 0.1914 0.1939 0.9622
vn -0.0000 0.3805 0.9248
vn -0.0000 0.1939 0.9810
vn -0.1804 0.3805 0.9070
vn -0.1914 0.1939 0.9622
vn -0.3539 0.3805 0.8544
vn -0.3754 0.1939 0.9063
vn -0.5138 0.3805 0.7689
vn -0.5450 0.1939 0.8157
vn -0.6539 0.3805 0.6539
vn -0.6937 0.1939 0.6937
vn -0.7689 0.3805 0.5138
vn -0.8157 0.1939 0.5450
vn -0.8544 0.3805 0.3539
vn -0.9063 0.1939 0.3754
vn -0.9070 0.3805 0.1804
vn -0.9622 0.1939 0.1914
vn -0.9248 0.3805 -0.0000
vn -0.9810 0.1939 -0.0000
vn -0.9070 0.3805 -0.1804
vn -0.9622 0.1939 -0.1914
vn -0.8544 0.3805 -0.3539
vn -0.9063 0.1939 -0.3754
vn -0.8157 0.1939 -0.5450
vn -0.8315 -0.0000 -0.5556
vn -0.7071 -0.0000 -0.7071
vn -0.9239 -0.0000 -0.3827
vn -0.5556 -0.0000 -0.8315
vn -0.6937 -0.1939 -0.6937
vn -0.5450 -0.1939 -0.8157
vn -0.8157 -0.1939 -0.5450
vn -0.3827 -0.0000 -0.9239
vn -0.3754 -0.1939 -0.9063
vn -0.1951 -0.0000 -0.9808
vn -0.1914 -0.1939 -0.9622
vn -0.0000 -0.0000 -1.0000
vn -0.0000 -0.1939 -0.9810
vn 0.1951 -0.0000 -0.9808
vn 0.1914 -0.1939 -0.9622
vn 0.3827 -0.0000 -0.9239
vn 0.3754 -0.1939 -0.9063
vn 0.5556 -0.0000 -0.8315
vn 0.5450 -0.1939 -0.8157
vn 0.7071 -0.0000 -0.7071
vn 0.6937 -0.1939 -0.6937
vn 0.8315 -0.0000 -0.5556
vn 0.8157 -0.1939 -0.5450
vn 0.9239 -0.0000 -0.3827
vn 0.9063 -0.1939 -0.3754
vn 0.9808 -0.0000 -0.1951
vn 0.9622 -0.1939 -0.1914
vn 1.0000 -0.0000 -0.0000
vn 0.9810 -0.1939 -0.0000
vn 0.9808 -0.0000 0.1951
vn 0.9622 -0.1939 0.1914
vn 0.9239 -0.0000 0.3827
vn 0.9063 -0.1939 0.3754
vn 0.8315 -0.0000 0.5556
vn 0.8157 -0.1939 0.5450
vn 0.7071 -0.0000 0.7071
vn 0.6937 -0.1939 0.6937
vn 0.5556 -0.0000 0.8315
vn 0.5450 -0.1939 0.8157
vn 0.3827 -0.0000 0.9239
vn 0.3754 -0.1939 0.9063
vn 0.1951 -0.0000 0.9808
vn 0.1914 -0.1939 0.9622
vn -0.0000 -0.0000 1.0000
vn -0.0000 -0.1939 0.9810
vn -0.1951 -0.0000 0.9808
vn -0.1914 -0.1939 0.9622
vn -0.3827 -0.0000 0.9239
vn -0.3754 -0.1939 0.9063
vn -0.5556 -0.0000 0.8315
vn -0.5450 -0.1939 0.8157
vn -0.7071 -0.0000 0.7071
vn -0.6937 -0.1939 0.6937
vn -0.8315 -0.0000 0.5556
vn -0.8157 -0.1939 0.5450
vn -0.9239 -0.0000 0.3827
vn -0.9063 -0.1939 0.3754
vn -0.9808 -0.0000 0.1951
vn -0.9622 -0.1939 0.1914
vn -1.0000 -0.0000 -0.0000
vn -0.9810 -0.1939 -0.0000
vn -0.9808 -0.0000 -0.1951
vn -0.9622 -0.1939 -0.1914
vn -0.9063 -0.1939 -0.3754
vn -0.8544 -0.3805 -0.3539
vn -0.7689 -0.3805 -0.5138
vn -0.9070 -0.3805 -0.1804
vn -0.6539 -0.3805 -0.6539
vn -0.6929 -0.5528 -0.4630
vn -0.5893 -0.5528 -0.5893
vn -0.7699 -0.5528 -0.3189
vn -0.5138 -0.3805 -0.7689
vn -0.4630 -0.5528 -0.6929
vn -0.3539 -0.3805 -0.8544
vn -0.3189 -0.5528 -0.7699
vn -0.1804 -0.3805 -0.9070
vn -0.1626 -0.5528 -0.8173
vn -0.0000 -0.3805 -0.9248
vn -0.0000 -0.5528 -0.8333
vn 0.1804 -0.3805 -0.9070
vn 0.1626 -0.5528 -0.8173
vn 0.3539 -0.3805 -0.8544
vn 0.3189 -0.5528 -0.7699
vn 0.5138 -0.3805 -0.7689
vn 0.4630 -0.5528 -0.6929
vn 0.6539 -0.3805 -0.6539
vn 0.5893 -0.5528 -0.5893
vn 0.7689 -0.3805 -0.5138
vn 0.6929 -0.5528 -0.4630
vn 0.8544 -0.3805 -0.3539
vn 0.7699 -0.5528 -0.3189
vn 0.9070 -0.3805 -0.1804
vn 0.8173 -0.5528 -0.1626
vn 0.9248 -0.3805 -0.0000
vn 0.8333 -0.5528 -0.0000
vn 0.9070 -0.3805 0.1804
vn 0.8173 -0.5528 0.1626
vn 0.8544 -0.3805 0.3539
vn 0.7699 -0.5528 0.3189
vn 0.7689 -0.3805 0.5138
vn 0.6929 -0.5528 0.4630
vn 0.6539 -0.3805 0.6539
vn 0.5893 -0.5528 0.5893
vn 0.5138 -0.3805 0.7689
vn 0.4630 -0.5528 0.6929
vn 0.3539 -0.3805 0.8544
vn 0.3189 -0.5528 0.7699
vn 0.1804 -0.3805 0.9070
vn 0.1626 -0.5528 0.8173
vn -0.0000 -0.3805 0.9248
vn -0.0000 -0.5528 0.8333
vn -0.1804 -0.3805 0.9070
vn -0.1626 -0.5528 0.8173
vn -0.3539 -0.3805 0.8544
vn -0.3189 -0.5528 0.7699
vn -0.5138 -0.3805 0.7689
vn -0.4630 -0.5528 0.6929
vn -0.6539 -0.3805 0.6539
vn -0.5893 -0.5528 0.5893
vn -0.7689 -0.3805 0.5138
vn -0.6929 -0.5528 0.4630
vn -0.8544 -0.3805 0.3539
vn -0.7699 -0.5528 0.3189
vn -0.9070 -0.3805 0.1804
vn -0.8173 -0.5528 0.1626
vn -0.9248 -0.3805 -0.0000
vn -0.8333 -0.5528 -0.0000
vn -0.8173 -0.5528 -0.1626
vn -0.6965 -0.7041 -0.1385
vn -0.6561 -0.7041 -0.2718
vn -0.7101 -0.7041 -0.0000
vn -0.5905 -0.7041 -0.3945
vn -0.5172 -0.8286 -0.2142
vn -0.4654 -0.8286 -0.3110
vn -0.5490 -0.8286 -0.1092
vn -0.5021 -0.7041 -0.5021
vn -0.3958 -0.8286 -0.3958
vn -0.3945 -0.7041 -0.5905
vn -0.3110 -0.8286 -0.4654
vn -0.2718 -0.7041 -0.6561
vn -0.2142 -0.8286 -0.5172
vn -0.1385 -0.7041 -0.6965
vn -0.1092 -0.8286 -0.5490
vn -0.0000 -0.7041 -0.7101
vn -0.0000 -0.8286 -0.5598
vn 0.1385 -0.7041 -0.6965
vn 0.1092 -0.8286 -0.5490
vn 0.2718 -0.7041 -0.6561
vn 0.2142 -0.8286 -0.5172
vn 0.3945 -0.7041 -0.5905
vn 0.3110 -0.8286 -0.4654
vn 0.5021 -0.7041 -0.5021
vn 0.3958 -0.8286 -0.3958
vn 0.5905 -0.7041 -0.3945
vn 0.4654 -0.8286 -0.3110
vn 0.6561 -0.7041 -0.2718
vn 0.5172 -0.8286 -0.2142
vn 0.6965 -0.7041 -0.1385
vn 0.5490 -0.8286 -0.1092
vn 0.7101 -0.7041 -0.0000
vn 0.5598 -0.8286 -0.0000
vn 0.6965 -0.7041 0.1385
vn 0.5490 -0.8286 0.1092
vn 0.6561 -0.7041 0.2718
vn 0.5172 -0.8286 0.2142
vn 0.5905 -0.7041 0.3945
vn 0.4654 -0.8286 0.3110
vn 0.5021 -0.7041 0.5021
vn 0.3958 -0.8286 0.3958
vn 0.3945 -0.7041 0.5905
vn 0.3110 -0.8286 0.4654
vn 0.2718 -0.7041 0.6561
vn 0.2142 -0.8286 0.5172
vn 0.1385 -0.7041 0.6965
vn 0.1092 -0.8286 0.5490
vn -0.0000 -0.7041 0.7101
vn -0.0000 -0.8286 0.5598
vn -0.1385 -0.7041 0.6965
vn -0.1092 -0.8286 0.5490
vn -0.2718 -0.7041 0.6561
vn -0.2142 -0.8286 0.5172
vn -0.3945 -0.7041 0.5905
vn -0.3110 -0.8286 0.4654
vn -0.5021 -0.7041 0.5021
vn -0.3958 -0.8286 0.3958
vn -0.5905 -0.7041 0.3945
vn -0.4654 -0.8286 0.3110
vn -0.6561 -0.7041 0.2718
vn -0.5172 -0.8286 0.2142
vn -0.6965 -0.7041 0.1385
vn -0.5490 -0.8286 0.1092
vn -0.5598 -0.8286 -0.0000
vn -0.3879 -0.9217 -0.0000
vn -0.3804 -0.9217 -0.0757
vn -0.3804 -0.9217 0.0757
vn -0.3584 -0.9217 -0.1484
vn -0.1971 -0.9796 -0.0392
vn -0.1857 -0.9796 -0.0769
vn -0.2010 -0.9796 -0.0000
vn -0.3225 -0.9217 -0.2155
vn -0.1671 -0.9796 -0.1117
vn -0.2743 -0.9217 -0.2743
vn -0.1421 -0.9796 -0.1421
vn -0.2155 -0.9217 -0.3225
vn -0.1117 -0.9796 -0.1671
vn -0.1484 -0.9217 -0.3584
vn -0.0769 -0.9796 -0.1857
vn -0.0757 -0.9217 -0.3804
vn -0.0392 -0.9796 -0.1971
vn -0.0000 -0.9217 -0.3879
vn -0.0000 -0.9796 -0.2010
vn 0.0757 -0.9217 -0.3804
vn 0.0392 -0.9796 -0.1971
vn 0.1484 -0.9217 -0.3584
vn 0.0769 -0.9796 -0.1857
vn 0.2155 -0.9217 -0.3225
vn 0.1117 -0.9796 -0.1671
vn 0.2743 -0.9217 -0.2743
vn 0.1421 -0.9796 -0.1421
vn 0.3225 -0.9217 -0.2155
vn 0.1671 -0.9796 -0.1117
vn 0.3584 -0.9217 -0.1484
vn 0.1857 -0.9796 -0.0769
vn 0.3804 -0.9217 -0.0757
vn 0.1971 -0.9796 -0.0392
vn 0.3879 -0.9217 -0.0000
vn 0.2010 -0.9796 -0.0000
vn 0.3804 -0.9217 0.0757
vn 0.1971 -0.9796 0.0392
vn 0.3584 -0.9217 0.1484
vn 0.1857 -0.9796 0.0769
vn 0.3225 -0.9217 0.2155
vn 0.1671 -0.9796 0.1117
vn 0.2743 -0.9217 0.2743
vn 0.1421 -0.9796 0.1421
vn 0.2155 -0.9217 0.3225
vn 0.1116 -0.9796 0.1671
vn 0.1484 -0.9217 0.3584
vn 0.0769 -0.9796 0.1857
vn 0.0757 -0.9217 0.3804
vn 0.0392 -0.9796 0.1971
vn -0.0000 -0.9217 0.3879
vn -0.0000 -0.9796 0.2010
vn -0.0757 -0.9217 0.3804
vn -0.0392 -0.9796 0.1971
vn -0.1484 -0.9217 0.3584
vn -0.0769 -0.9796 0.1857
vn -0.2155 -0.9217 0.3225
vn -0.1116 -0.9796 0.1671
vn -0.2743 -0.9217 0.2743
vn -0.1421 -0.9796 0.1421
vn -0.3225 -0.9217 0.2155
vn -0.1671 -0.9796 0.1117
vn -0.3584 -0.9217 0.1484
vn -0.1857 -0.9796 0.0769
vn -0.1971 -0.9796 0.0392
vn -0.0000 -1.0000 -0.0000
vn -0.0022 0.9999 0.0153
vn 0.5932 -0.5726 0.5659
vn -0.5722 -0.5755 0.5843
vn -0.5907 -0.5577 -0.5832
vn 0.5747 -0.5548 -0.6015
vn 0.1117 0.9796 -0.1671
vn 0.1117 0.9796 0.1671
vn -0.1117 0.9796 0.1671
vn -0.1117 0.9796 -0.1671
vn -0.1117 -0.9796 0.1671
vt 0.750000 0.490000
vt 0.990000 0.250000
vt 0.750000 0.010000
vt 0.510000 0.250000
vt 0.250000 0.490000
vt 0.250000 0.250000
vt 0.490000 0.250000
vt 0.010000 0.250000
vt 0.250000 0.010000
vt 0.781250 0.937500
vt 0.765625 1.000000
vt 0.750000 0.937500
vt 0.734375 1.000000
vt 0.718750 0.937500
vt 0.703125 1.000000
vt 0.687500 0.937500
vt 0.671875 1.000000
vt 0.656250 0.937500
vt 0.640625 1.000000
vt 0.625000 0.937500
vt 0.609375 1.000000
vt 0.593750 0.937500
vt 0.578125 1.000000
vt 0.562500 0.937500
vt 0.546875 1.000000
vt 0.531250 0.937500
vt 0.515625 1.000000
vt 0.500000 0.937500
vt 0.484375 1.000000
vt 0.468750 0.937500
vt 0.453125 1.000000
vt 0.437500 0.937500
vt 0.421875 1.000000
vt 0.406250 0.937500
vt 0.390625 1.000000
vt 0.375000 0.937500
vt 0.359375 1.000000
vt 0.343750 0.937500
vt 0.328125 1.000000
vt 0.312500 0.937500
vt 0.296875 1.000000
vt 0.281250 0.937500
vt 0.265625 1.000000
vt 0.250000 0.937500
vt 0.234375 1.000000
vt 0.218750 0.937500
vt 0.203125 1.000000
vt 0.187500 0.937500
vt 0.171875 1.000000
vt 0.156250 0.937500
vt 0.140625 1.000000
vt 0.125000 0.937500
vt 0.109375 1.000000
vt 0.093750 0.937500
vt 0.078125 1.000000
vt 0.062500 0.937500
vt 0.046875 1.000000
vt 0.031250 0.937500
vt 0.015625 1.000000
vt 0.000000 0.937500
vt 1.000000 0.937500
vt 0.984375 1.000000
vt 0.968750 0.937500
vt 0.953125 1.000000
vt 0.937500 0.937500
vt 0.921875 1.000000
vt 0.906250 0.937500
vt 0.890625 1.000000
vt 0.875000 0.937500
vt 0.859375 1.000000
vt 0.843750 0.937500
vt 0.828125 1.000000
vt 0.812500 0.937500
vt 0.796875 1.000000
vt 0.781250 0.875000
vt 0.750000 0.875000
vt 0.812500 0.875000
vt 0.781250 0.812500
vt 0.750000 0.812500
vt 0.812500 0.812500
vt 0.718750 0.875000
vt 0.718750 0.812500
vt 0.687500 0.875000
vt 0.687500 0.812500
vt 0.656250 0.875000
vt 0.656250 0.812500
vt 0.625000 0.875000
vt 0.625000 0.812500
vt 0.593750 0.875000
vt 0.593750 0.812500
vt 0.562500 0.875000
vt 0.562500 0.812500
vt 0.531250 0.875000
vt 0.531250 0.812500
vt 0.500000 0.875000
vt 0.500000 0.812500
vt 0.468750 0.875000
vt 0.468750 0.812500
vt 0.437500 0.875000
vt 0.437500 0.812500
vt 0.406250 0.875000
vt 0.406250 0.812500
vt 0.375000 0.875000
vt 0.375000 0.812500
vt 0.343750 0.875000
vt 0.343750 0.812500
vt 0.312500 0.875000
vt 0.312500 0.812500
vt 0.281250 0.875000
vt 0.281250 0.812500
vt 0.250000 0.875000
vt 0.250000 0.812500
vt 0.218750 0.875000
vt 0.218750 0.812500
vt 0.187500 0.875000
vt 0.187500 0.812500
vt 0.156250 0.875000
vt 0.156250 0.812500
vt 0.125000 0.875000
vt 0.125000 0.812500
vt 0.093750 0.875000
vt 0.093750 0.812500
vt 0.062500 0.875000
vt 0.062500 0.812500
vt 0.031250 0.875000
vt 0.031250 0.812500
vt 0.000000 0.875000
vt 0.000000 0.812500
vt 1.000000 0.875000
vt 0.968750 0.875000
vt 1.000000 0.812500
vt 0.968750 0.812500
vt 0.937500 0.875000
vt 0.937500 0.812500
vt 0.906250 0.875000
vt 0.906250 0.812500
vt 0.875000 0.875000
vt 0.875000 0.812500
vt 0.843750 0.875000
vt 0.843750 0.812500
vt 0.843750 0.750000
vt 0.812500 0.750000
vt 0.875000 0.750000
vt 0.781250 0.750000
vt 0.812500 0.687500
vt 0.781250 0.687500
vt 0.843750 0.687500
vt 0.750000 0.750000
vt 0.750000 0.687500
vt 0.718750 0.750000
vt 0.718750 0.687500
vt 0.687500 0.750000
vt 0.687500 0.687500
vt 0.656250 0.750000
vt 0.656250 0.687500
vt 0.625000 0.750000
vt 0.625000 0.687500
vt 0.593750 0.750000
vt 0.593750 0.687500
vt 0.562500 0.750000
vt 0.562500 0.687500
vt 0.531250 0.750000
vt 0.531250 0.687500
vt 0.500000 0.750000
vt 0.500000 0.687500
vt 0.468750 0.750000
vt 0.468750 0.687500
vt 0.437500 0.750000
vt 0.437500 0.687500
vt 0.406250 0.750000
vt 0.406250 0.687500
vt 0.375000 0.750000
vt 0.375000 0.687500
vt 0.343750 0.750000
vt 0.343750 0.687500
vt 0.312500 0.750000
vt 0.312500 0.687500
vt 0.281250 0.750000
vt 0.281250 0.687500
vt 0.250000 0.750000
vt 0.250000 0.687500
vt 0.218750 0.750000
vt 0.218750 0.687500
vt 0.187500 0.750000
vt 0.187500 0.687500
vt 0.156250 0.750000
vt 0.156250 0.687500
vt 0.125000 0.750000
vt 0.125000 0.687500
vt 0.093750 0.750000
vt 0.093750 0.687500
vt 0.062500 0.750000
vt 0.062500 0.687500
vt 0.031250 0.750000
vt 0.031250 0.687500
vt 0.000000 0.750000
vt 0.000000 0.687500
vt 1.000000 0.750000
vt 0.968750 0.750000
vt 1.000000 0.687500
vt 0.968750 0.687500
vt 0.937500 0.750000
vt 0.937500 0.687500
vt 0.906250 0.750000
vt 0.906250 0.687500
vt 0.875000 0.687500
vt 0.875000 0.625000
vt 0.843750 0.625000
vt 0.906250 0.625000
vt 0.812500 0.625000
vt 0.843750 0.562500
vt 0.812500 0.562500
vt 0.875000 0.562500
vt 0.781250 0.625000
vt 0.781250 0.562500
vt 0.750000 0.625000
vt 0.750000 0.562500
vt 0.718750 0.625000
vt 0.718750 0.562500
vt 0.687500 0.625000
vt 0.687500 0.562500
vt 0.656250 0.625000
vt 0.656250 0.562500
vt 0.625000 0.625000
vt 0.625000 0.562500
vt 0.593750 0.625000
vt 0.593750 0.562500
vt 0.562500 0.625000
vt 0.562500 0.562500
vt 0.531250 0.625000
vt 0.531250 0.562500
vt 0.500000 0.625000
vt 0.500000 0.562500
vt 0.468750 0.625000
vt 0.468750 0.562500
vt 0.437500 0.625000
vt 0.437500 0.562500
vt 0.406250 0.625000
vt 0.406250 0.562500
vt 0.375000 0.625000
vt 0.375000 0.562500
vt 0.343750 0.625000
vt 0.343750 0.562500
vt 0.312500 0.625000
vt 0.312500 0.562500
vt 0.281250 0.625000
vt 0.281250 0.562500
vt 0.250000 0.625000
vt 0.250000 0.562500
vt 0.218750 0.625000
vt 0.218750 0.562500
vt 0.187500 0.625000
vt 0.187500 0.562500
vt 0.156250 0.625000
vt 0.156250 0.562500
vt 0.125000 0.625000
vt 0.125000 0.562500
vt 0.093750 0.625000
vt 0.093750 0.562500
vt 0.062500 0.625000
vt 0.062500 0.562500
vt 0.031250 0.625000
vt 0.031250 0.562500
vt 0.000000 0.625000
vt 0.000000 0.562500
vt 1.000000 0.625000
vt 0.968750 0.625000
vt 1.000000 0.562500
vt 0.968750 0.562500
vt 0.937500 0.625000
vt 0.937500 0.562500
vt 0.906250 0.562500
vt 0.906250 0.500000
vt 0.875000 0.500000
vt 0.937500 0.500000
vt 0.843750 0.500000
vt 0.875000 0.437500
vt 0.843750 0.437500
vt 0.906250 0.437500
vt 0.812500 0.500000
vt 0.812500 0.437500
vt 0.781250 0.500000
vt 0.781250 0.437500
vt 0.750000 0.500000
vt 0.750000 0.437500
vt 0.718750 0.500000
vt 0.718750 0.437500
vt 0.687500 0.500000
vt 0.687500 0.437500
vt 0.656250 0.500000
vt 0.656250 0.437500
vt 0.625000 0.500000
vt 0.625000 0.437500
vt 0.593750 0.500000
vt 0.593750 0.437500
vt 0.562500 0.500000
vt 0.562500 0.437500
vt 0.531250 0.500000
vt 0.531250 0.437500
vt 0.500000 0.500000
vt 0.500000 0.437500
vt 0.468750 0.500000
vt 0.468750 0.437500
vt 0.437500 0.500000
vt 0.437500 0.437500
vt 0.406250 0.500000
vt 0.406250 0.437500
vt 0.375000 0.500000
vt 0.375000 0.437500
vt 0.343750 0.500000
vt 0.343750 0.437500
vt 0.312500 0.500000
vt 0.312500 0.437500
vt 0.281250 0.500000
vt 0.281250 0.437500
vt 0.250000 0.500000
vt 0.250000 0.437500
vt 0.218750 0.500000
vt 0.218750 0.437500
vt 0.187500 0.500000
vt 0.187500 0.437500
vt 0.156250 0.500000
vt 0.156250 0.437500
vt 0.125000 0.500000
vt 0.125000 0.437500
vt 0.093750 0.500000
vt 0.093750 0.437500
vt 0.062500 0.500000
vt 0.062500 0.437500
vt 0.031250 0.500000
vt 0.031250 0.437500
vt 0.000000 0.500000
vt 0.000000 0.437500
vt 1.000000 0.500000
vt 0.968750 0.500000
vt 1.000000 0.437500
vt 0.968750 0.437500
vt 0.937500 0.437500
vt 0.937500 0.375000
vt 0.906250 0.375000
vt 0.968750 0.375000
vt 0.875000 0.375000
vt 0.906250 0.312500
vt 0.875000 0.312500
vt 0.937500 0.312500
vt 0.843750 0.375000
vt 0.843750 0.312500
vt 0.812500 0.375000
vt 0.812500 0.312500
vt 0.781250 0.375000
vt 0.781250 0.312500
vt 0.750000 0.375000
vt 0.750000 0.312500
vt 0.718750 0.375000
vt 0.718750 0.312500
vt 0.687500 0.375000
vt 0.687500 0.312500
vt 0.656250 0.375000
vt 0.656250 0.312500
vt 0.625000 0.375000
vt 0.625000 0.312500
vt 0.593750 0.375000
vt 0.593750 0.312500
vt 0.562500 0.375000
vt 0.562500 0.312500
vt 0.531250 0.375000
vt 0.531250 0.312500
vt 0.500000 0.375000
vt 0.500000 0.312500
vt 0.468750 0.375000
vt 0.468750 0.312500
vt 0.437500 0.375000
vt 0.437500 0.312500
vt 0.406250 0.375000
vt 0.406250 0.312500
vt 0.375000 0.375000
vt 0.375000 0.312500
vt 0.343750 0.375000
vt 0.343750 0.312500
vt 0.312500 0.375000
vt 0.312500 0.312500
vt 0.281250 0.375000
vt 0.281250 0.312500
vt 0.250000 0.375000
vt 0.250000 0.312500
vt 0.218750 0.375000
vt 0.218750 0.312500
vt 0.187500 0.375000
vt 0.187500 0.312500
vt 0.156250 0.375000
vt 0.156250 0.312500
vt 0.125000 0.375000
vt 0.125000 0.312500
vt 0.093750 0.375000
vt 0.093750 0.312500
vt 0.062500 0.375000
vt 0.062500 0.312500
vt 0.031250 0.375000
vt 0.031250 0.312500
vt 0.000000 0.375000
vt 0.000000 0.312500
vt 1.000000 0.375000
vt 1.000000 0.312500
vt 0.968750 0.312500
vt 0.968750 0.250000
vt 0.937500 0.250000
vt 1.000000 0.250000
vt 0.906250 0.250000
vt 0.937500 0.187500
vt 0.906250 0.187500
vt 0.968750 0.187500
vt 0.875000 0.250000
vt 0.875000 0.187500
vt 0.843750 0.250000
vt 0.843750 0.187500
vt 0.812500 0.250000
vt 0.812500 0.187500
vt 0.781250 0.250000
vt 0.781250 0.187500
vt 0.750000 0.250000
vt 0.750000 0.187500
vt 0.718750 0.250000
vt 0.718750 0.187500
vt 0.687500 0.250000
vt 0.687500 0.187500
vt 0.656250 0.250000
vt 0.656250 0.187500
vt 0.625000 0.250000
vt 0.625000 0.187500
vt 0.593750 0.250000
vt 0.593750 0.187500
vt 0.562500 0.250000
vt 0.562500 0.187500
vt 0.531250 0.250000
vt 0.531250 0.187500
vt 0.500000 0.250000
vt 0.500000 0.187500
vt 0.468750 0.250000
vt 0.468750 0.187500
vt 0.437500 0.250000
vt 0.437500 0.187500
vt 0.406250 0.250000
vt 0.406250 0.187500
vt 0.375000 0.250000
vt 0.375000 0.187500
vt 0.343750 0.250000
vt 0.343750 0.187500
vt 0.312500 0.250000
vt 0.312500 0.187500
vt 0.281250 0.250000
vt 0.281250 0.187500
vt 0.250000 0.187500
vt 0.218750 0.250000
vt 0.218750 0.187500
vt 0.187500 0.250000
vt 0.187500 0.187500
vt 0.156250 0.250000
vt 0.156250 0.187500
vt 0.125000 0.250000
vt 0.125000 0.187500
vt 0.093750 0.250000
vt 0.093750 0.187500
vt 0.062500 0.250000
vt 0.062500 0.187500
vt 0.031250 0.250000
vt 0.031250 0.187500
vt 0.000000 0.250000
vt 0.000000 0.187500
vt 1.000000 0.187500
vt 1.000000 0.125000
vt 0.968750 0.125000
vt 0.031250 0.125000
vt 0.000000 0.125000
vt 0.937500 0.125000
vt 0.968750 0.062500
vt 0.937500 0.062500
vt 1.000000 0.062500
vt 0.906250 0.125000
vt 0.906250 0.062500
vt 0.875000 0.125000
vt 0.875000 0.062500
vt 0.843750 0.125000
vt 0.843750 0.062500
vt 0.812500 0.125000
vt 0.812500 0.062500
vt 0.781250 0.125000
vt 0.781250 0.062500
vt 0.750000 0.125000
vt 0.750000 0.062500
vt 0.718750 0.125000
vt 0.718750 0.062500
vt 0.687500 0.125000
vt 0.687500 0.062500
vt 0.656250 0.125000
vt 0.656250 0.062500
vt 0.625000 0.125000
vt 0.625000 0.062500
vt 0.593750 0.125000
vt 0.593750 0.062500
vt 0.562500 0.125000
vt 0.562500 0.062500
vt 0.531250 0.125000
vt 0.531250 0.062500
vt 0.500000 0.125000
vt 0.500000 0.062500
vt 0.468750 0.125000
vt 0.468750 0.062500
vt 0.437500 0.125000
vt 0.437500 0.062500
vt 0.406250 0.125000
vt 0.406250 0.062500
vt 0.375000 0.125000
vt 0.375000 0.062500
vt 0.343750 0.125000
vt 0.343750 0.062500
vt 0.312500 0.125000
vt 0.312500 0.062500
vt 0.281250 0.125000
vt 0.281250 0.062500
vt 0.250000 0.125000
vt 0.250000 0.062500
vt 0.218750 0.125000
vt 0.218750 0.062500
vt 0.187500 0.125000
vt 0.187500 0.062500
vt 0.156250 0.125000
vt 0.156250 0.062500
vt 0.125000 0.125000
vt 0.125000 0.062500
vt 0.093750 0.125000
vt 0.093750 0.062500
vt 0.062500 0.125000
vt 0.062500 0.062500
vt 0.031250 0.062500
vt 0.000000 0.062500
vt 0.046875 0.000000
vt 0.015625 0.000000
vt 0.765625 0.000000
vt 0.734375 0.000000
vt 0.703125 0.000000
vt 0.671875 0.000000
vt 0.640625 0.000000
vt 0.609375 0.000000
vt 0.578125 0.000000
vt 0.546875 0.000000
vt 0.515625 0.000000
vt 0.484375 0.000000
vt 0.453125 0.000000
vt 0.421875 0.000000
vt 0.390625 0.000000
vt 0.359375 0.000000
vt 0.328125 0.000000
vt 0.296875 0.000000
vt 0.265625 0.000000
vt 0.234375 0.000000
vt 0.203125 0.000000
vt 0.171875 0.000000
vt 0.140625 0.000000
vt 0.109375 0.000000
vt 0.078125 0.000000
vt 0.984375 0.000000
vt 0.953125 0.000000
vt 0.921875 0.000000
vt 0.890625 0.000000
vt 0.859375 0.000000
vt 0.828125 0.000000
vt 0.796875 0.000000
s 1
usemtl 
f 38/10/6 6/11/7 7/12/8
f 7/12/8 6/13/7 8/14/9
f 8/14/9 6/15/7 9/16/10
f 9/16/10 6/17/7 10/18/11
f 10/18/11 6/19/7 11/20/12
f 11/20/12 6/21/7 12/22/13
f 12/22/13 6/23/7 13/24/14
f 13/24/14 6/25/7 14/26/15
f 14/26/15 6/27/7 15/28/16
f 15/28/16 6/29/7 16/30/17
f 16/30/17 6/31/7 17/32/18
f 17/32/18 6/33/7 18/34/19
f 18/34/19 6/35/7 19/36/20
f 19/36/20 6/37/7 20/38/21
f 20/38/21 6/39/7 21/40/22
f 21/40/22 6/41/7 22/42/23
f 22/42/23 6/43/7 23/44/24
f 23/44/24 6/45/7 24/46/25
f 24/46/25 6/47/7 25/48/26
f 25/48/26 6/49/7 26/50/27
f 26/50/27 6/51/7 27/52/28
f 27/52/28 6/53/7 28/54/29
f 28/54/29 6/55/7 29/56/30
f 29/56/30 6/57/7 30/58/31
f 30/58/31 6/59/7 31/60/32
f 31/61/32 6/62/7 32/63/33
f 32/63/33 6/64/7 33/65/34
f 33/65/34 6/66/7 34/67/35
f 34/67/35 6/68/7 35/69/36
f 35/69/36 6/70/7 36/71/37
f 36/71/37 6/72/7 37/73/38
f 37/73/38 6/74/7 38/10/6
f 39/75/39 38/10/6 7/12/8 42/76/40
f 41/77/41 37/73/38 38/10/6 39/75/39
f 40/78/42 39/75/39 42/76/40 43/79/43
f 103/80/44 41/77/41 39/75/39 40/78/42
f 42/76/40 7/12/8 8/14/9 44/81/45
f 43/79/43 42/76/40 44/81/45 45/82/46
f 44/81/45 8/14/9 9/16/10 46/83/47
f 45/82/46 44/81/45 46/83/47 47/84/48
f 46/83/47 9/16/10 10/18/11 48/85/49
f 47/84/48 46/83/47 48/85/49 49/86/50
f 48/85/49 10/18/11 11/20/12 50/87/51
f 49/86/50 48/85/49 50/87/51 51/88/52
f 50/87/51 11/20/12 12/22/13 52/89/53
f 51/88/52 50/87/51 52/89/53 53/90/54
f 52/89/53 12/22/13 13/24/14 54/91/55
f 53/90/54 52/89/53 54/91/55 55/92/56
f 54/91/55 13/24/14 14/26/15 56/93/57
f 55/92/56 54/91/55 56/93/57 57/94/58
f 56/93/57 14/26/15 15/28/16 58/95/59
f 57/94/58 56/93/57 58/95/59 59/96/60
f 58/95/59 15/28/16 16/30/17 60/97/61
f 59/96/60 58/95/59 60/97/61 61/98/62
f 60/97/61 16/30/17 17/32/18 62/99/63
f 61/98/62 60/97/61 62/99/63 63/100/64
f 62/99/63 17/32/18 18/34/19 64/101/65
f 63/100/64 62/99/63 64/101/65 65/102/66
f 64/101/65 18/34/19 19/36/20 66/103/67
f 65/102/66 64/101/65 66/103/67 67/104/68
f 66/103/67 19/36/20 20/38/21 68/105/69
f 67/104/68 66/103/67 68/105/69 69/106/70
f 68/105/69 20/38/21 21/40/22 70/107/71
f 69/106/70 68/105/69 70/107/71 71/108/72
f 70/107/71 21/40/22 22/42/23 72/109/73
f 71/108/72 70/107/71 72/109/73 73/110/74
f 72/109/73 22/42/23 23/44/24 74/111/75
f 73/110/74 72/109/73 74/111/75 75/112/76
f 74/111/75 23/44/24 24/46/25 76/113/77
f 75/112/76 74/111/75 76/113/77 77/114/78
f 76/113/77 24/46/25 25/48/26 78/115/79
f 77/114/78 76/113/77 78/115/79 79/116/80
f 78/115/79 25/48/26 26/50/27 80/117/81
f 79/116/80 78/115/79 80/117/81 81/118/82
f 80/117/81 26/50/27 27/52/28 82/119/83
f 81/118/82 80/117/81 82/119/83 83/120/84
f 82/119/83 27/52/28 28/54/29 84/121/85
f 83/120/84 82/119/83 84/121/85 85/122/86
f 84/121/85 28/54/29 29/56/30 86/123/87
f 85/122/86 84/121/85 86/123/87 87/124/88
f 86/123/87 29/56/30 30/58/31 88/125/89
f 87/124/88 86/123/87 88/125/89 89/126/90
f 88/125/89 30/58/31 31/60/32 90/127/91
f 89/126/90 88/125/89 90/127/91 91/128/92
f 90/129/91 31/61/32 32/63/33 92/130/93
f 91/131/92 90/129/91 92/130/93 93/132/94
f 92/130/93 32/63/33 33/65/34 94/133/95
f 93/132/94 92/130/93 94/133/95 95/134/96
f 94/133/95 33/65/34 34/67/35 96/135/97
f 95/134/96 94/133/95 96/135/97 97/136/98
f 96/135/97 34/67/35 35/69/36 98/137/99
f 97/136/98 96/135/97 98/137/99 99/138/100
f 98/137/99 35/69/36 36/71/37 100/139/101
f 99/138/100 98/137/99 100/139/101 101/140/102
f 100/139/101 36/71/37 37/73/38 41/77/41
f 101/140/102 100/139/101 41/77/41 103/80/44
f 102/141/103 101/140/102 103/80/44 104/142/104
f 164/143/105 99/138/100 101/140/102 102/141/103
f 104/142/104 103/80/44 40/78/42 106/144/106
f 105/145/107 104/142/104 106/144/106 107/146/108
f 167/147/109 102/141/103 104/142/104 105/145/107
f 106/144/106 40/78/42 43/79/43 108/148/110
f 107/146/108 106/144/106 108/148/110 109/149/111
f 108/148/110 43/79/43 45/82/46 110/150/112
f 109/149/111 108/148/110 110/150/112 111/151/113
f 110/150/112 45/82/46 47/84/48 112/152/114
f 111/151/113 110/150/112 112/152/114 113/153/115
f 112/152/114 47/84/48 49/86/50 114/154/116
f 113/153/115 112/152/114 114/154/116 115/155/117
f 114/154/116 49/86/50 51/88/52 116/156/118
f 115/155/117 114/154/116 116/156/118 117/157/119
f 116/156/118 51/88/52 53/90/54 118/158/120
f 117/157/119 116/156/118 118/158/120 119/159/121
f 118/158/120 53/90/54 55/92/56 120/160/122
f 119/159/121 118/158/120 120/160/122 121/161/123
f 120/160/122 55/92/56 57/94/58 122/162/124
f 121/161/123 120/160/122 122/162/124 123/163/125
f 122/162/124 57/94/58 59/96/60 124/164/126
f 123/163/125 122/162/124 124/164/126 125/165/127
f 124/164/126 59/96/60 61/98/62 126/166/128
f 125/165/127 124/164/126 126/166/128 127/167/129
f 126/166/128 61/98/62 63/100/64 128/168/130
f 127/167/129 126/166/128 128/168/130 129/169/131
f 128/168/130 63/100/64 65/102/66 130/170/132
f 129/169/131 128/168/130 130/170/132 131/171/133
f 130/170/132 65/102/66 67/104/68 132/172/134
f 131/171/133 130/170/132 132/172/134 133/173/135
f 132/172/134 67/104/68 69/106/70 134/174/136
f 133/173/135 132/172/134 134/174/136 135/175/137
f 134/174/136 69/106/70 71/108/72 136/176/138
f 135/175/137 134/174/136 136/176/138 137/177/139
f 136/176/138 71/108/72 73/110/74 138/178/140
f 137/177/139 136/176/138 138/178/140 139/179/141
f 138/178/140 73/110/74 75/112/76 140/180/142
f 139/179/141 138/178/140 140/180/142 141/181/143
f 140/180/142 75/112/76 77/114/78 142/182/144
f 141/181/143 140/180/142 142/182/144 143/183/145
f 142/182/144 77/114/78 79/116/80 144/184/146
f 143/183/145 142/182/144 144/184/146 145/185/147
f 144/184/146 79/116/80 81/118/82 146/186/148
f 145/185/147 144/184/146 146/186/148 147/187/149
f 146/186/148 81/118/82 83/120/84 148/188/150
f 147/187/149 146/186/148 148/188/150 149/189/151
f 148/188/150 83/120/84 85/122/86 150/190/152
f 149/189/151 148/188/150 150/190/152 151/191/153
f 150/190/152 85/122/86 87/124/88 152/192/154
f 151/191/153 150/190/152 152/192/154 153/193/155
f 152/192/154 87/124/88 89/126/90 154/194/156
f 153/193/155 152/192/154 154/194/156 155/195/157
f 154/194/156 89/126/90 91/128/92 156/196/158
f 155/195/157 154/194/156 156/196/158 157/197/159
f 156/198/158 91/131/92 93/132/94 158/199/160
f 157/200/159 156/198/158 158/199/160 159/201/161
f 158/199/160 93/132/94 95/134/96 160/202/162
f 159/201/161 158/199/160 160/202/162 161/203/163
f 160/202/162 95/134/96 97/136/98 162/204/164
f 161/203/163 160/202/162 162/204/164 163/205/165
f 162/204/164 97/136/98 99/138/100 164/143/105
f 163/205/165 162/204/164 164/143/105 165/206/166
f 165/206/166 164/143/105 102/141/103 167/147/109
f 166/207/167 165/206/166 167/147/109 168/208/168
f 228/209/169 163/205/165 165/206/166 166/207/167
f 168/208/168 167/147/109 105/145/107 170/210/170
f 169/211/171 168/208/168 170/210/170 171/212/172
f 231/213/173 166/207/167 168/208/168 169/211/171
f 170/210/170 105/145/107 107/146/108 172/214/174
f 171/212/172 170/210/170 172/214/174 173/215/175
f 172/214/174 107/146/108 109/149/111 174/216/176
f 173/215/175 172/214/174 174/216/176 175/217/177
f 174/216/176 109/149/111 111/151/113 176/218/178
f 175/217/177 174/216/176 176/218/178 177/219/179
f 176/218/178 111/151/113 113/153/115 178/220/180
f 177/219/179 176/218/178 178/220/180 179/221/181
f 178/220/180 113/153/115 115/155/117 180/222/182
f 179/221/181 178/220/180 180/222/182 181/223/183
f 180/222/182 115/155/117 117/157/119 182/224/184
f 181/223/183 180/222/182 182/224/184 183/225/185
f 182/224/184 117/157/119 119/159/121 184/226/186
f 183/225/185 182/224/184 184/226/186 185/227/187
f 184/226/186 119/159/121 121/161/123 186/228/188
f 185/227/187 184/226/186 186/228/188 187/229/189
f 186/228/188 121/161/123 123/163/125 188/230/190
f 187/229/189 186/228/188 188/230/190 189/231/191
f 188/230/190 123/163/125 125/165/127 190/232/192
f 189/231/191 188/230/190 190/232/192 191/233/193
f 190/232/192 125/165/127 127/167/129 192/234/194
f 191/233/193 190/232/192 192/234/194 193/235/195
f 192/234/194 127/167/129 129/169/131 194/236/196
f 193/235/195 192/234/194 194/236/196 195/237/197
f 194/236/196 129/169/131 131/171/133 196/238/198
f 195/237/197 194/236/196 196/238/198 197/239/199
f 196/238/198 131/171/133 133/173/135 198/240/200
f 197/239/199 196/238/198 198/240/200 199/241/201
f 198/240/200 133/173/135 135/175/137 200/242/202
f 199/241/201 198/240/200 200/242/202 201/243/203
f 200/242/202 135/175/137 137/177/139 202/244/204
f 201/243/203 200/242/202 202/244/204 203/245/205
f 202/244/204 137/177/139 139/179/141 204/246/206
f 203/245/205 202/244/204 204/246/206 205/247/207
f 204/246/206 139/179/141 141/181/143 206/248/208
f 205/247/207 204/246/206 206/248/208 207/249/209
f 206/248/208 141/181/143 143/183/145 208/250/210
f 207/249/209 206/248/208 208/250/210 209/251/211
f 208/250/210 143/183/145 145/185/147 210/252/212
f 209/251/211 208/250/210 210/252/212 211/253/213
f 210/252/212 145/185/147 147/187/149 212/254/214
f 211/253/213 210/252/212 212/254/214 213/255/215
f 212/254/214 147/187/149 149/189/151 214/256/216
f 213/255/215 212/254/214 214/256/216 215/257/217
f 214/256/216 149/189/151 151/191/153 216/258/218
f 215/257/217 214/256/216 216/258/218 217/259/219
f 216/258/218 151/191/153 153/193/155 218/260/220
f 217/259/219 216/258/218 218/260/220 219/261/221
f 218/260/220 153/193/155 155/195/157 220/262/222
f 219/261/221 218/260/220 220/262/222 221/263/223
f 220/262/222 155/195/157 157/197/159 222/264/224
f 221/263/223 220/262/222 222/264/224 223/265/225
f 222/266/224 157/200/159 159/201/161 224/267/226
f 223/268/225 222/266/224 224/267/226 225/269/227
f 224/267/226 159/201/161 161/203/163 226/270/228
f 225/269/227 224/267/226 226/270/228 227/271/229
f 226/270/228 161/203/163 163/205/165 228/209/169
f 227/271/229 226/270/228 228/209/169 229/272/230
f 229/272/230 228/209/169 166/207/167 231/213/173
f 230/273/231 229/272/230 231/213/173 232/274/232
f 292/275/233 227/271/229 229/272/230 230/273/231
f 232/274/232 231/213/173 169/211/171 234/276/234
f 233/277/235 232/274/232 234/276/234 235/278/236
f 295/279/237 230/273/231 232/274/232 233/277/235
f 234/276/234 169/211/171 171/212/172 236/280/238
f 235/278/236 234/276/234 236/280/238 237/281/239
f 236/280/238 171/212/172 173/215/175 238/282/240
f 237/281/239 236/280/238 238/282/240 239/283/241
f 238/282/240 173/215/175 175/217/177 240/284/242
f 239/283/241 238/282/240 240/284/242 241/285/243
f 240/284/242 175/217/177 177/219/179 242/286/244
f 241/285/243 240/284/242 242/286/244 243/287/245
f 242/286/244 177/219/179 179/221/181 244/288/246
f 243/287/245 242/286/244 244/288/246 245/289/247
f 244/288/246 179/221/181 181/223/183 246/290/248
f 245/289/247 244/288/246 246/290/248 247/291/249
f 246/290/248 181/223/183 183/225/185 248/292/250
f 247/291/249 246/290/248 248/292/250 249/293/251
f 248/292/250 183/225/185 185/227/187 250/294/252
f 249/293/251 248/292/250 250/294/252 251/295/253
f 250/294/252 185/227/187 187/229/189 252/296/254
f 251/295/253 250/294/252 252/296/254 253/297/255
f 252/296/254 187/229/189 189/231/191 254/298/256
f 253/297/255 252/296/254 254/298/256 255/299/257
f 254/298/256 189/231/191 191/233/193 256/300/258
f 255/299/257 254/298/256 256/300/258 257/301/259
f 256/300/258 191/233/193 193/235/195 258/302/260
f 257/301/259 256/300/258 258/302/260 259/303/261
f 258/302/260 193/235/195 195/237/197 260/304/262
f 259/303/261 258/302/260 260/304/262 261/305/263
f 260/304/262 195/237/197 197/239/199 262/306/264
f 261/305/263 260/304/262 262/306/264 263/307/265
f 262/306/264 197/239/199 199/241/201 264/308/266
f 263/307/265 262/306/264 264/308/266 265/309/267
f 264/308/266 199/241/201 201/243/203 266/310/268
f 265/309/267 264/308/266 266/310/268 267/311/269
f 266/310/268 201/243/203 203/245/205 268/312/270
f 267/311/269 266/310/268 268/312/270 269/313/271
f 268/312/270 203/245/205 205/247/207 270/314/272
f 269/313/271 268/312/270 270/314/272 271/315/273
f 270/314/272 205/247/207 207/249/209 272/316/274
f 271/315/273 270/314/272 272/316/274 273/317/275
f 272/316/274 207/249/209 209/251/211 274/318/276
f 273/317/275 272/316/274 274/318/276 275/319/277
f 274/318/276 209/251/211 211/253/213 276/320/278
f 275/319/277 274/318/276 276/320/278 277/321/279
f 276/320/278 211/253/213 213/255/215 278/322/280
f 277/321/279 276/320/278 278/322/280 279/323/281
f 278/322/280 213/255/215 215/257/217 280/324/282
f 279/323/281 278/322/280 280/324/282 281/325/283
f 280/324/282 215/257/217 217/259/219 282/326/284
f 281/325/283 280/324/282 282/326/284 283/327/285
f 282/326/284 217/259/219 219/261/221 284/328/286
f 283/327/285 282/326/284 284/328/286 285/329/287
f 284/328/286 219/261/221 221/263/223 286/330/288
f 285/329/287 284/328/286 286/330/288 287/331/289
f 286/330/288 221/263/223 223/265/225 288/332/290
f 287/331/289 286/330/288 288/332/290 289/333/291
f 288/334/290 223/268/225 225/269/227 290/335/292
f 289/336/291 288/334/290 290/335/292 291/337/293
f 290/335/292 225/269/227 227/271/229 292/275/233
f 291/337/293 290/335/292 292/275/233 293/338/294
f 293/338/294 292/275/233 230/273/231 295/279/237
f 294/339/295 293/338/294 295/279/237 296/340/296
f 356/341/297 291/337/293 293/338/294 294/339/295
f 296/340/296 295/279/237 233/277/235 298/342/298
f 297/343/299 296/340/296 298/342/298 299/344/300
f 359/345/301 294/339/295 296/340/296 297/343/299
f 298/342/298 233/277/235 235/278/236 300/346/302
f 299/344/300 298/342/298 300/346/302 301/347/303
f 300/346/302 235/278/236 237/281/239 302/348/304
f 301/347/303 300/346/302 302/348/304 303/349/305
f 302/348/304 237/281/239 239/283/241 304/350/306
f 303/349/305 302/348/304 304/350/306 305/351/307
f 304/350/306 239/283/241 241/285/243 306/352/308
f 305/351/307 304/350/306 306/352/308 307/353/309
f 306/352/308 241/285/243 243/287/245 308/354/310
f 307/353/309 306/352/308 308/354/310 309/355/311
f 308/354/310 243/287/245 245/289/247 310/356/312
f 309/355/311 308/354/310 310/356/312 311/357/313
f 310/356/312 245/289/247 247/291/249 312/358/314
f 311/357/313 310/356/312 312/358/314 313/359/315
f 312/358/314 247/291/249 249/293/251 314/360/316
f 313/359/315 312/358/314 314/360/316 315/361/317
f 314/360/316 249/293/251 251/295/253 316/362/318
f 315/361/317 314/360/316 316/362/318 317/363/319
f 316/362/318 251/295/253 253/297/255 318/364/320
f 317/363/319 316/362/318 318/364/320 319/365/321
f 318/364/320 253/297/255 255/299/257 320/366/322
f 319/365/321 318/364/320 320/366/322 321/367/323
f 320/366/322 255/299/257 257/301/259 322/368/324
f 321/367/323 320/366/322 322/368/324 323/369/325
f 322/368/324 257/301/259 259/303/261 324/370/326
f 323/369/325 322/368/324 324/370/326 325/371/327
f 324/370/326 259/303/261 261/305/263 326/372/328
f 325/371/327 324/370/326 326/372/328 327/373/329
f 326/372/328 261/305/263 263/307/265 328/374/330
f 327/373/329 326/372/328 328/374/330 329/375/331
f 328/374/330 263/307/265 265/309/267 330/376/332
f 329/375/331 328/374/330 330/376/332 331/377/333
f 330/376/332 265/309/267 267/311/269 332/378/334
f 331/377/333 330/376/332 332/378/334 333/379/335
f 332/378/334 267/311/269 269/313/271 334/380/336
f 333/379/335 332/378/334 334/380/336 335/381/337
f 334/380/336 269/313/271 271/315/273 336/382/338
f 335/381/337 334/380/336 336/382/338 337/383/339
f 336/382/338 271/315/273 273/317/275 338/384/340
f 337/383/339 336/382/338 338/384/340 339/385/341
f 338/384/340 273/317/275 275/319/277 340/386/342
f 339/385/341 338/384/340 340/386/342 341/387/343
f 340/386/342 275/319/277 277/321/279 342/388/344
f 341/387/343 340/386/342 342/388/344 343/389/345
f 342/388/344 277/321/279 279/323/281 344/390/346
f 343/389/345 342/388/344 344/390/346 345/391/347
f 344/390/346 279/323/281 281/325/283 346/392/348
f 345/391/347 344/390/346 346/392/348 347/393/349
f 346/392/348 281/325/283 283/327/285 348/394/350
f 347/393/349 346/392/348 348/394/350 349/395/351
f 348/394/350 283/327/285 285/329/287 350/396/352
f 349/395/351 348/394/350 350/396/352 351/397/353
f 350/396/352 285/329/287 287/331/289 352/398/354
f 351/397/353 350/396/352 352/398/354 353/399/355
f 352/398/354 287/331/289 289/333/291 354/400/356
f 353/399/355 352/398/354 354/400/356 355/401/357
f 354/402/356 289/336/291 291/337/293 356/341/297
f 355/403/357 354/402/356 356/341/297 357/404/358
f 357/404/358 356/341/297 294/339/295 359/345/301
f 358/405/359 357/404/358 359/345/301 360/406/360
f 420/407/361 355/403/357 357/404/358 358/405/359
f 360/406/360 359/345/301 297/343/299 362/408/362
f 361/409/363 360/406/360 362/408/362 363/410/364
f 423/411/365 358/405/359 360/406/360 361/409/363
f 362/408/362 297/343/299 299/344/300 364/412/366
f 363/410/364 362/408/362 364/412/366 365/413/367
f 364/412/366 299/344/300 301/347/303 366/414/368
f 365/413/367 364/412/366 366/414/368 367/415/369
f 366/414/368 301/347/303 303/349/305 368/416/370
f 367/415/369 366/414/368 368/416/370 369/417/371
f 368/416/370 303/349/305 305/351/307 370/418/372
f 369/417/371 368/416/370 370/418/372 371/419/373
f 370/418/372 305/351/307 307/353/309 372/420/374
f 371/419/373 370/418/372 372/420/374 373/421/375
f 373/421/375 372/420/374 374/422/376 375/423/377
f 372/420/374 307/353/309 309/355/311 374/422/376
f 374/422/376 309/355/311 311/357/313 376/424/378
f 375/423/377 374/422/376 376/424/378 377/425/379
f 376/424/378 311/357/313 313/359/315 378/426/380
f 377/425/379 376/424/378 378/426/380 379/427/381
f 378/426/380 313/359/315 315/361/317 380/428/382
f 379/427/381 378/426/380 380/428/382 381/429/383
f 380/428/382 315/361/317 317/363/319 382/430/384
f 381/429/383 380/428/382 382/430/384 383/431/385
f 382/430/384 317/363/319 319/365/321 384/432/386
f 383/431/385 382/430/384 384/432/386 385/433/387
f 384/432/386 319/365/321 321/367/323 386/434/388
f 385/433/387 384/432/386 386/434/388 387/435/389
f 386/434/388 321/367/323 323/369/325 388/436/390
f 387/435/389 386/434/388 388/436/390 389/437/391
f 388/436/390 323/369/325 325/371/327 390/438/392
f 389/437/391 388/436/390 390/438/392 391/439/393
f 390/438/392 325/371/327 327/373/329 392/440/394
f 391/439/393 390/438/392 392/440/394 393/441/395
f 392/440/394 327/373/329 329/375/331 394/442/396
f 393/441/395 392/440/394 394/442/396 395/443/397
f 394/442/396 329/375/331 331/377/333 396/444/398
f 395/443/397 394/442/396 396/444/398 397/445/399
f 396/444/398 331/377/333 333/379/335 398/446/400
f 397/445/399 396/444/398 398/446/400 399/447/401
f 398/446/400 333/379/335 335/381/337 400/448/402
f 399/447/401 398/446/400 400/448/402 401/449/403
f 400/448/402 335/381/337 337/383/339 402/450/404
f 401/449/403 400/448/402 402/450/404 403/451/405
f 402/450/404 337/383/339 339/385/341 404/6/406
f 403/451/405 402/450/404 404/6/406 405/452/407
f 404/6/406 339/385/341 341/387/343 406/453/408
f 405/452/407 404/6/406 406/453/408 407/454/409
f 406/453/408 341/387/343 343/389/345 408/455/410
f 407/454/409 406/453/408 408/455/410 409/456/411
f 408/455/410 343/389/345 345/391/347 410/457/412
f 409/456/411 408/455/410 410/457/412 411/458/413
f 410/457/412 345/391/347 347/393/349 412/459/414
f 411/458/413 410/457/412 412/459/414 413/460/415
f 412/459/414 347/393/349 349/395/351 414/461/416
f 413/460/415 412/459/414 414/461/416 415/462/417
f 414/461/416 349/395/351 351/397/353 416/463/418
f 415/462/417 414/461/416 416/463/418 417/464/419
f 416/463/418 351/397/353 353/399/355 418/465/420
f 417/464/419 416/463/418 418/465/420 419/466/421
f 418/465/420 353/399/355 355/401/357 420/467/361
f 419/466/421 418/465/420 420/467/361 421/468/422
f 421/469/422 420/407/361 358/405/359 423/411/365
f 422/470/423 421/469/422 423/411/365 424/471/424
f 484/472/425 419/466/421 421/468/422 422/473/423
f 424/471/424 423/411/365 361/409/363 426/474/426
f 425/475/427 424/471/424 426/474/426 427/476/428
f 486/477/429 422/470/423 424/471/424 425/475/427
f 426/474/426 361/409/363 363/410/364 428/478/430
f 427/476/428 426/474/426 428/478/430 429/479/431
f 428/478/430 363/410/364 365/413/367 430/480/432
f 429/479/431 428/478/430 430/480/432 431/481/433
f 430/480/432 365/413/367 367/415/369 432/482/434
f 431/481/433 430/480/432 432/482/434 433/483/435
f 432/482/434 367/415/369 369/417/371 434/484/436
f 433/483/435 432/482/434 434/484/436 435/485/437
f 434/484/436 369/417/371 371/419/373 436/486/438
f 435/485/437 434/484/436 436/486/438 437/487/439
f 436/486/438 371/419/373 373/421/375 438/488/440
f 437/487/439 436/486/438 438/488/440 439/489/441
f 438/488/440 373/421/375 375/423/377 440/490/442
f 439/489/441 438/488/440 440/490/442 441/491/443
f 440/490/442 375/423/377 377/425/379 442/492/444
f 441/491/443 440/490/442 442/492/444 443/493/445
f 442/492/444 377/425/379 379/427/381 444/494/446
f 443/493/445 442/492/444 444/494/446 445/495/447
f 444/494/446 379/427/381 381/429/383 446/496/448
f 445/495/447 444/494/446 446/496/448 447/497/449
f 446/496/448 381/429/383 383/431/385 448/498/450
f 447/497/449 446/496/448 448/498/450 449/499/451
f 448/498/450 383/431/385 385/433/387 450/500/452
f 449/499/451 448/498/450 450/500/452 451/501/453
f 450/500/452 385/433/387 387/435/389 452/502/454
f 451/501/453 450/500/452 452/502/454 453/503/455
f 452/502/454 387/435/389 389/437/391 454/504/456
f 453/503/455 452/502/454 454/504/456 455/505/457
f 454/504/456 389/437/391 391/439/393 456/506/458
f 455/505/457 454/504/456 456/506/458 457/507/459
f 456/506/458 391/439/393 393/441/395 458/508/460
f 457/507/459 456/506/458 458/508/460 459/509/461
f 458/508/460 393/441/395 395/443/397 460/510/462
f 459/509/461 458/508/460 460/510/462 461/511/463
f 460/510/462 395/443/397 397/445/399 462/512/464
f 461/511/463 460/510/462 462/512/464 463/513/465
f 462/512/464 397/445/399 399/447/401 464/514/466
f 463/513/465 462/512/464 464/514/466 465/515/467
f 464/514/466 399/447/401 401/449/403 466/516/468
f 465/515/467 464/514/466 466/516/468 467/517/469
f 466/516/468 401/449/403 403/451/405 468/518/470
f 467/517/469 466/516/468 468/518/470 469/519/471
f 468/518/470 403/451/405 405/452/407 470/520/472
f 469/519/471 468/518/470 470/520/472 471/521/473
f 470/520/472 405/452/407 407/454/409 472/522/474
f 471/521/473 470/520/472 472/522/474 473/523/475
f 472/522/474 407/454/409 409/456/411 474/524/476
f 473/523/475 472/522/474 474/524/476 475/525/477
f 474/524/476 409/456/411 411/458/413 476/526/478
f 475/525/477 474/524/476 476/526/478 477/527/479
f 476/526/478 411/458/413 413/460/415 478/528/480
f 477/527/479 476/526/478 478/528/480 479/529/481
f 478/528/480 413/460/415 415/462/417 480/530/482
f 479/529/481 478/528/480 480/530/482 481/531/483
f 480/530/482 415/462/417 417/464/419 482/532/484
f 481/531/483 480/530/482 482/532/484 483/533/485
f 482/532/484 417/464/419 419/466/421 484/472/425
f 483/533/485 482/532/484 484/472/425 485/534/486
f 485/534/486 484/472/425 422/473/423 486/535/429
f 487/536/487 483/533/485 485/534/486
f 487/537/487 485/534/486 486/535/429
f 487/538/487 437/487/439 439/489/441
f 487/539/487 439/489/441 441/491/443
f 487/540/487 441/491/443 443/493/445
f 487/541/487 443/493/445 445/495/447
f 487/542/487 445/495/447 447/497/449
f 487/543/487 447/497/449 449/499/451
f 487/544/487 449/499/451 451/501/453
f 487/545/487 451/501/453 453/503/455
f 487/546/487 453/503/455 455/505/457
f 487/547/487 455/505/457 457/507/459
f 487/548/487 457/507/459 459/509/461
f 487/549/487 459/509/461 461/511/463
f 487/550/487 461/511/463 463/513/465
f 487/551/487 463/513/465 465/515/467
f 487/552/487 465/515/467 467/517/469
f 487/553/487 467/517/469 469/519/471
f 487/554/487 469/519/471 471/521/473
f 487/555/487 471/521/473 473/523/475
f 487/556/487 473/523/475 475/525/477
f 487/557/487 475/525/477 477/527/479
f 487/558/487 477/527/479 479/529/481
f 487/559/487 479/529/481 481/531/483
f 487/560/487 481/531/483 483/533/485
f 487/561/487 486/477/429 425/475/427
f 487/562/487 425/475/427 427/476/428
f 487/563/487 427/476/428 429/479/431
f 487/564/487 429/479/431 431/481/433
f 487/565/487 431/481/433 433/483/435
f 487/566/487 433/483/435 435/485/437
f 487/567/487 435/485/437 437/487/439
f 530/10/6 498/11/7 499/12/8
f 499/12/8 498/13/7 500/14/9
f 500/14/9 498/15/7 501/16/10
f 501/16/10 498/17/7 502/18/493
f 502/18/493 498/19/7 503/20/12
f 503/20/12 498/21/7 504/22/13
f 504/22/13 498/23/7 505/24/14
f 505/24/14 498/25/7 506/26/15
f 506/26/15 498/27/7 507/28/16
f 507/28/16 498/29/7 508/30/17
f 508/30/17 498/31/7 509/32/18
f 509/32/18 498/33/7 510/34/19
f 510/34/19 498/35/7 511/36/20
f 511/36/20 498/37/7 512/38/494
f 512/38/494 498/39/7 513/40/22
f 513/40/22 498/41/7 514/42/23
f 514/42/23 498/43/7 515/44/24
f 515/44/24 498/45/7 516/46/25
f 516/46/25 498/47/7 517/48/26
f 517/48/26 498/49/7 518/50/495
f 518/50/495 498/51/7 519/52/28
f 519/52/28 498/53/7 520/54/29
f 520/54/29 498/55/7 521/56/30
f 521/56/30 498/57/7 522/58/31
f 522/58/31 498/59/7 523/60/32
f 523/61/32 498/62/7 524/63/33
f 524/63/33 498/64/7 525/65/34
f 525/65/34 498/66/7 526/67/35
f 526/67/35 498/68/7 527/69/36
f 527/69/36 498/70/7 528/71/496
f 528/71/496 498/72/7 529/73/38
f 529/73/38 498/74/7 530/10/6
f 531/75/39 530/10/6 499/12/8 534/76/40
f 533/77/41 529/73/38 530/10/6 531/75/39
f 532/78/42 531/75/39 534/76/40 535/79/43
f 595/80/44 533/77/41 531/75/39 532/78/42
f 534/76/40 499/12/8 500/14/9 536/81/45
f 535/79/43 534/76/40 536/81/45 537/82/46
f 536/81/45 500/14/9 501/16/10 538/83/47
f 537/82/46 536/81/45 538/83/47 539/84/48
f 538/83/47 501/16/10 502/18/493 540/85/49
f 539/84/48 538/83/47 540/85/49 541/86/50
f 540/85/49 502/18/493 503/20/12 542/87/51
f 541/86/50 540/85/49 542/87/51 543/88/52
f 542/87/51 503/20/12 504/22/13 544/89/53
f 543/88/52 542/87/51 544/89/53 545/90/54
f 544/89/53 504/22/13 505/24/14 546/91/55
f 545/90/54 544/89/53 546/91/55 547/92/56
f 546/91/55 505/24/14 506/26/15 548/93/57
f 547/92/56 546/91/55 548/93/57 549/94/58
f 548/93/57 506/26/15 507/28/16 550/95/59
f 549/94/58 548/93/57 550/95/59 551/96/60
f 550/95/59 507/28/16 508/30/17 552/97/61
f 551/96/60 550/95/59 552/97/61 553/98/62
f 552/97/61 508/30/17 509/32/18 554/99/63
f 553/98/62 552/97/61 554/99/63 555/100/64
f 554/99/63 509/32/18 510/34/19 556/101/65
f 555/100/64 554/99/63 556/101/65 557/102/66
f 556/101/65 510/34/19 511/36/20 558/103/67
f 557/102/66 556/101/65 558/103/67 559/104/68
f 558/103/67 511/36/20 512/38/494 560/105/69
f 559/104/68 558/103/67 560/105/69 561/106/70
f 560/105/69 512/38/494 513/40/22 562/107/71
f 561/106/70 560/105/69 562/107/71 563/108/72
f 562/107/71 513/40/22 514/42/23 564/109/73
f 563/108/72 562/107/71 564/109/73 565/110/74
f 564/109/73 514/42/23 515/44/24 566/111/75
f 565/110/74 564/109/73 566/111/75 567/112/76
f 566/111/75 515/44/24 516/46/25 568/113/77
f 567/112/76 566/111/75 568/113/77 569/114/78
f 568/113/77 516/46/25 517/48/26 570/115/79
f 569/114/78 568/113/77 570/115/79 571/116/80
f 570/115/79 517/48/26 518/50/495 572/117/81
f 571/116/80 570/115/79 572/117/81 573/118/82
f 572/117/81 518/50/495 519/52/28 574/119/83
f 573/118/82 572/117/81 574/119/83 575/120/84
f 574/119/83 519/52/28 520/54/29 576/121/85
f 575/120/84 574/119/83 576/121/85 577/122/86
f 576/121/85 520/54/29 521/56/30 578/123/87
f 577/122/86 576/121/85 578/123/87 579/124/88
f 578/123/87 521/56/30 522/58/31 580/125/89
f 579/124/88 578/123/87 580/125/89 581/126/90
f 580/125/89 522/58/31 523/60/32 582/127/91
f 581/126/90 580/125/89 582/127/91 583/128/92
f 582/129/91 523/61/32 524/63/33 584/130/93
f 583/131/92 582/129/91 584/130/93 585/132/94
f 584/130/93 524/63/33 525/65/34 586/133/95
f 585/132/94 584/130/93 586/133/95 587/134/96
f 586/133/95 525/65/34 526/67/35 588/135/97
f 587/134/96 586/133/95 588/135/97 589/136/98
f 588/135/97 526/67/35 527/69/36 590/137/99
f 589/136/98 588/135/97 590/137/99 591/138/100
f 590/137/99 527/69/36 528/71/496 592/139/101
f 591/138/100 590/137/99 592/139/101 593/140/102
f 592/139/101 528/71/496 529/73/38 533/77/41
f 593/140/102 592/139/101 533/77/41 595/80/44
f 594/141/103 593/140/102 595/80/44 596/142/104
f 656/143/105 591/138/100 593/140/102 594/141/103
f 596/142/104 595/80/44 532/78/42 598/144/106
f 597/145/107 596/142/104 598/144/106 599/146/108
f 659/147/109 594/141/103 596/142/104 597/145/107
f 598/144/106 532/78/42 535/79/43 600/148/110
f 599/146/108 598/144/106 600/148/110 601/149/111
f 600/148/110 535/79/43 537/82/46 602/150/112
f 601/149/111 600/148/110 602/150/112 603/151/113
f 602/150/112 537/82/46 539/84/48 604/152/114
f 603/151/113 602/150/112 604/152/114 605/153/115
f 604/152/114 539/84/48 541/86/50 606/154/116
f 605/153/115 604/152/114 606/154/116 607/155/117
f 606/154/116 541/86/50 543/88/52 608/156/118
f 607/155/117 606/154/116 608/156/118 609/157/119
f 608/156/118 543/88/52 545/90/54 610/158/120
f 609/157/119 608/156/118 610/158/120 611/159/121
f 610/158/120 545/90/54 547/92/56 612/160/122
f 611/159/121 610/158/120 612/160/122 613/161/123
f 612/160/122 547/92/56 549/94/58 614/162/124
f 613/161/123 612/160/122 614/162/124 615/163/125
f 614/162/124 549/94/58 551/96/60 616/164/126
f 615/163/125 614/162/124 616/164/126 617/165/127
f 616/164/126 551/96/60 553/98/62 618/166/128
f 617/165/127 616/164/126 618/166/128 619/167/129
f 618/166/128 553/98/62 555/100/64 620/168/130
f 619/167/129 618/166/128 620/168/130 621/169/131
f 620/168/130 555/100/64 557/102/66 622/170/132
f 621/169/131 620/168/130 622/170/132 623/171/133
f 622/170/132 557/102/66 559/104/68 624/172/134
f 623/171/133 622/170/132 624/172/134 625/173/135
f 624/172/134 559/104/68 561/106/70 626/174/136
f 625/173/135 624/172/134 626/174/136 627/175/137
f 626/174/136 561/106/70 563/108/72 628/176/138
f 627/175/137 626/174/136 628/176/138 629/177/139
f 628/176/138 563/108/72 565/110/74 630/178/140
f 629/177/139 628/176/138 630/178/140 631/179/141
f 630/178/140 565/110/74 567/112/76 632/180/142
f 631/179/141 630/178/140 632/180/142 633/181/143
f 632/180/142 567/112/76 569/114/78 634/182/144
f 633/181/143 632/180/142 634/182/144 635/183/145
f 634/182/144 569/114/78 571/116/80 636/184/146
f 635/183/145 634/182/144 636/184/146 637/185/147
f 636/184/146 571/116/80 573/118/82 638/186/148
f 637/185/147 636/184/146 638/186/148 639/187/149
f 638/186/148 573/118/82 575/120/84 640/188/150
f 639/187/149 638/186/148 640/188/150 641/189/151
f 640/188/150 575/120/84 577/122/86 642/190/152
f 641/189/151 640/188/150 642/190/152 643/191/153
f 642/190/152 577/122/86 579/124/88 644/192/154
f 643/191/153 642/190/152 644/192/154 645/193/155
f 644/192/154 579/124/88 581/126/90 646/194/156
f 645/193/155 644/192/154 646/194/156 647/195/157
f 646/194/156 581/126/90 583/128/92 648/196/158
f 647/195/157 646/194/156 648/196/158 649/197/159
f 648/198/158 583/131/92 585/132/94 650/199/160
f 649/200/159 648/198/158 650/199/160 651/201/161
f 650/199/160 585/132/94 587/134/96 652/202/162
f 651/201/161 650/199/160 652/202/162 653/203/163
f 652/202/162 587/134/96 589/136/98 654/204/164
f 653/203/163 652/202/162 654/204/164 655/205/165
f 654/204/164 589/136/98 591/138/100 656/143/105
f 655/205/165 654/204/164 656/143/105 657/206/166
f 657/206/166 656/143/105 594/141/103 659/147/109
f 658/207/167 657/206/166 659/147/109 660/208/168
f 720/209/169 655/205/165 657/206/166 658/207/167
f 660/208/168 659/147/109 597/145/107 662/210/170
f 661/211/171 660/208/168 662/210/170 663/212/172
f 723/213/173 658/207/167 660/208/168 661/211/171
f 662/210/170 597/145/107 599/146/108 664/214/174
f 663/212/172 662/210/170 664/214/174 665/215/175
f 664/214/174 599/146/108 601/149/111 666/216/176
f 665/215/175 664/214/174 666/216/176 667/217/177
f 666/216/176 601/149/111 603/151/113 668/218/178
f 667/217/177 666/216/176 668/218/178 669/219/179
f 668/218/178 603/151/113 605/153/115 670/220/180
f 669/219/179 668/218/178 670/220/180 671/221/181
f 670/220/180 605/153/115 607/155/117 672/222/182
f 671/221/181 670/220/180 672/222/182 673/223/183
f 672/222/182 607/155/117 609/157/119 674/224/184
f 673/223/183 672/222/182 674/224/184 675/225/185
f 674/224/184 609/157/119 611/159/121 676/226/186
f 675/225/185 674/224/184 676/226/186 677/227/187
f 676/226/186 611/159/121 613/161/123 678/228/188
f 677/227/187 676/226/186 678/228/188 679/229/189
f 678/228/188 613/161/123 615/163/125 680/230/190
f 679/229/189 678/228/188 680/230/190 681/231/191
f 680/230/190 615/163/125 617/165/127 682/232/192
f 681/231/191 680/230/190 682/232/192 683/233/193
f 682/232/192 617/165/127 619/167/129 684/234/194
f 683/233/193 682/232/192 684/234/194 685/235/195
f 684/234/194 619/167/129 621/169/131 686/236/196
f 685/235/195 684/234/194 686/236/196 687/237/197
f 686/236/196 621/169/131 623/171/133 688/238/198
f 687/237/197 686/236/196 688/238/198 689/239/199
f 688/238/198 623/171/133 625/173/135 690/240/200
f 689/239/199 688/238/198 690/240/200 691/241/201
f 690/240/200 625/173/135 627/175/137 692/242/202
f 691/241/201 690/240/200 692/242/202 693/243/203
f 692/242/202 627/175/137 629/177/139 694/244/204
f 693/243/203 692/242/202 694/244/204 695/245/205
f 694/244/204 629/177/139 631/179/141 696/246/206
f 695/245/205 694/244/204 696/246/206 697/247/207
f 696/246/206 631/179/141 633/181/143 698/248/208
f 697/247/207 696/246/206 698/248/208 699/249/209
f 698/248/208 633/181/143 635/183/145 700/250/210
f 699/249/209 698/248/208 700/250/210 701/251/211
f 700/250/210 635/183/145 637/185/147 702/252/212
f 701/251/211 700/250/210 702/252/212 703/253/213
f 702/252/212 637/185/147 639/187/149 704/254/214
f 703/253/213 702/252/212 704/254/214 705/255/215
f 704/254/214 639/187/149 641/189/151 706/256/216
f 705/255/215 704/254/214 706/256/216 707/257/217
f 706/256/216 641/189/151 643/191/153 708/258/218
f 707/257/217 706/256/216 708/258/218 709/259/219
f 708/258/218 643/191/153 645/193/155 710/260/220
f 709/259/219 708/258/218 710/260/220 711/261/221
f 710/260/220 645/193/155 647/195/157 712/262/222
f 711/261/221 710/260/220 712/262/222 713/263/223
f 712/262/222 647/195/157 649/197/159 714/264/224
f 713/263/223 712/262/222 714/264/224 715/265/225
f 714/266/224 649/200/159 651/201/161 716/267/226
f 715/268/225 714/266/224 716/267/226 717/269/227
f 716/267/226 651/201/161 653/203/163 718/270/228
f 717/269/227 716/267/226 718/270/228 719/271/229
f 718/270/228 653/203/163 655/205/165 720/209/169
f 719/271/229 718/270/228 720/209/169 721/272/230
f 721/272/230 720/209/169 658/207/167 723/213/173
f 722/273/231 721/272/230 723/213/173 724/274/232
f 784/275/233 719/271/229 721/272/230 722/273/231
f 724/274/232 723/213/173 661/211/171 726/276/234
f 725/277/235 724/274/232 726/276/234 727/278/236
f 787/279/237 722/273/231 724/274/232 725/277/235
f 726/276/234 661/211/171 663/212/172 728/280/238
f 727/278/236 726/276/234 728/280/238 729/281/239
f 728/280/238 663/212/172 665/215/175 730/282/240
f 729/281/239 728/280/238 730/282/240 731/283/241
f 730/282/240 665/215/175 667/217/177 732/284/242
f 731/283/241 730/282/240 732/284/242 733/285/243
f 732/284/242 667/217/177 669/219/179 734/286/244
f 733/285/243 732/284/242 734/286/244 735/287/245
f 734/286/244 669/219/179 671/221/181 736/288/246
f 735/287/245 734/286/244 736/288/246 737/289/247
f 736/288/246 671/221/181 673/223/183 738/290/248
f 737/289/247 736/288/246 738/290/248 739/291/249
f 738/290/248 673/223/183 675/225/185 740/292/250
f 739/291/249 738/290/248 740/292/250 741/293/251
f 740/292/250 675/225/185 677/227/187 742/294/252
f 741/293/251 740/292/250 742/294/252 743/295/253
f 742/294/252 677/227/187 679/229/189 744/296/254
f 743/295/253 742/294/252 744/296/254 745/297/255
f 744/296/254 679/229/189 681/231/191 746/298/256
f 745/297/255 744/296/254 746/298/256 747/299/257
f 746/298/256 681/231/191 683/233/193 748/300/258
f 747/299/257 746/298/256 748/300/258 749/301/259
f 748/300/258 683/233/193 685/235/195 750/302/260
f 749/301/259 748/300/258 750/302/260 751/303/261
f 750/302/260 685/235/195 687/237/197 752/304/262
f 751/303/261 750/302/260 752/304/262 753/305/263
f 752/304/262 687/237/197 689/239/199 754/306/264
f 753/305/263 752/304/262 754/306/264 755/307/265
f 754/306/264 689/239/199 691/241/201 756/308/266
f 755/307/265 754/306/264 756/308/266 757/309/267
f 756/308/266 691/241/201 693/243/203 758/310/268
f 757/309/267 756/308/266 758/310/268 759/311/269
f 758/310/268 693/243/203 695/245/205 760/312/270
f 759/311/269 758/310/268 760/312/270 761/313/271
f 760/312/270 695/245/205 697/247/207 762/314/272
f 761/313/271 760/312/270 762/314/272 763/315/273
f 762/314/272 697/247/207 699/249/209 764/316/274
f 763/315/273 762/314/272 764/316/274 765/317/275
f 764/316/274 699/249/209 701/251/211 766/318/276
f 765/317/275 764/316/274 766/318/276 767/319/277
f 766/318/276 701/251/211 703/253/213 768/320/278
f 767/319/277 766/318/276 768/320/278 769/321/279
f 768/320/278 703/253/213 705/255/215 770/322/280
f 769/321/279 768/320/278 770/322/280 771/323/281
f 770/322/280 705/255/215 707/257/217 772/324/282
f 771/323/281 770/322/280 772/324/282 773/325/283
f 772/324/282 707/257/217 709/259/219 774/326/284
f 773/325/283 772/324/282 774/326/284 775/327/285
f 774/326/284 709/259/219 711/261/221 776/328/286
f 775/327/285 774/326/284 776/328/286 777/329/287
f 776/328/286 711/261/221 713/263/223 778/330/288
f 777/329/287 776/328/286 778/330/288 779/331/289
f 778/330/288 713/263/223 715/265/225 780/332/290
f 779/331/289 778/330/288 780/332/290 781/333/291
f 780/334/290 715/268/225 717/269/227 782/335/292
f 781/336/291 780/334/290 782/335/292 783/337/293
f 782/335/292 717/269/227 719/271/229 784/275/233
f 783/337/293 782/335/292 784/275/233 785/338/294
f 785/338/294 784/275/233 722/273/231 787/279/237
f 786/339/295 785/338/294 787/279/237 788/340/296
f 848/341/297 783/337/293 785/338/294 786/339/295
f 788/340/296 787/279/237 725/277/235 790/342/298
f 789/343/299 788/340/296 790/342/298 791/344/300
f 851/345/301 786/339/295 788/340/296 789/343/299
f 790/342/298 725/277/235 727/278/236 792/346/302
f 791/344/300 790/342/298 792/346/302 793/347/303
f 792/346/302 727/278/236 729/281/239 794/348/304
f 793/347/303 792/346/302 794/348/304 795/349/305
f 794/348/304 729/281/239 731/283/241 796/350/306
f 795/349/305 794/348/304 796/350/306 797/351/307
f 796/350/306 731/283/241 733/285/243 798/352/308
f 797/351/307 796/350/306 798/352/308 799/353/309
f 798/352/308 733/285/243 735/287/245 800/354/310
f 799/353/309 798/352/308 800/354/310 801/355/311
f 800/354/310 735/287/245 737/289/247 802/356/312
f 801/355/311 800/354/310 802/356/312 803/357/313
f 802/356/312 737/289/247 739/291/249 804/358/314
f 803/357/313 802/356/312 804/358/314 805/359/315
f 804/358/314 739/291/249 741/293/251 806/360/316
f 805/359/315 804/358/314 806/360/316 807/361/317
f 806/360/316 741/293/251 743/295/253 808/362/318
f 807/361/317 806/360/316 808/362/318 809/363/319
f 808/362/318 743/295/253 745/297/255 810/364/320
f 809/363/319 808/362/318 810/364/320 811/365/321
f 810/364/320 745/297/255 747/299/257 812/366/322
f 811/365/321 810/364/320 812/366/322 813/367/323
f 812/366/322 747/299/257 749/301/259 814/368/324
f 813/367/323 812/366/322 814/368/324 815/369/325
f 814/368/324 749/301/259 751/303/261 816/370/326
f 815/369/325 814/368/324 816/370/326 817/371/327
f 816/370/326 751/303/261 753/305/263 818/372/328
f 817/371/327 816/370/326 818/372/328 819/373/329
f 818/372/328 753/305/263 755/307/265 820/374/330
f 819/373/329 818/372/328 820/374/330 821/375/331
f 820/374/330 755/307/265 757/309/267 822/376/332
f 821/375/331 820/374/330 822/376/332 823/377/333
f 822/376/332 757/309/267 759/311/269 824/378/334
f 823/377/333 822/376/332 824/378/334 825/379/335
f 824/378/334 759/311/269 761/313/271 826/380/336
f 825/379/335 824/378/334 826/380/336 827/381/337
f 826/380/336 761/313/271 763/315/273 828/382/338
f 827/381/337 826/380/336 828/382/338 829/383/339
f 828/382/338 763/315/273 765/317/275 830/384/340
f 829/383/339 828/382/338 830/384/340 831/385/341
f 830/384/340 765/317/275 767/319/277 832/386/342
f 831/385/341 830/384/340 832/386/342 833/387/343
f 832/386/342 767/319/277 769/321/279 834/388/344
f 833/387/343 832/386/342 834/388/344 835/389/345
f 834/388/344 769/321/279 771/323/281 836/390/346
f 835/389/345 834/388/344 836/390/346 837/391/347
f 836/390/346 771/323/281 773/325/283 838/392/348
f 837/391/347 836/390/346 838/392/348 839/393/349
f 838/392/348 773/325/283 775/327/285 840/394/350
f 839/393/349 838/392/348 840/394/350 841/395/351
f 840/394/350 775/327/285 777/329/287 842/396/352
f 841/395/351 840/394/350 842/396/352 843/397/353
f 842/396/352 777/329/287 779/331/289 844/398/354
f 843/397/353 842/396/352 844/398/354 845/399/355
f 844/398/354 779/331/289 781/333/291 846/400/356
f 845/399/355 844/398/354 846/400/356 847/401/357
f 846/402/356 781/336/291 783/337/293 848/341/297
f 847/403/357 846/402/356 848/341/297 849/404/358
f 849/404/358 848/341/297 786/339/295 851/345/301
f 850/405/359 849/404/358 851/345/301 852/406/360
f 912/407/361 847/403/357 849/404/358 850/405/359
f 852/406/360 851/345/301 789/343/299 854/408/362
f 853/409/363 852/406/360 854/408/362 855/410/364
f 915/411/365 850/405/359 852/406/360 853/409/363
f 854/408/362 789/343/299 791/344/300 856/412/366
f 855/410/364 854/408/362 856/412/366 857/413/367
f 856/412/366 791/344/300 793/347/303 858/414/368
f 857/413/367 856/412/366 858/414/368 859/415/369
f 858/414/368 793/347/303 795/349/305 860/416/370
f 859/415/369 858/414/368 860/416/370 861/417/371
f 860/416/370 795/349/305 797/351/307 862/418/372
f 861/417/371 860/416/370 862/418/372 863/419/373
f 862/418/372 797/351/307 799/353/309 864/420/374
f 863/419/373 862/418/372 864/420/374 865/421/375
f 865/421/375 864/420/374 866/422/376 867/423/377
f 864/420/374 799/353/309 801/355/311 866/422/376
f 866/422/376 801/355/311 803/357/313 868/424/378
f 867/423/377 866/422/376 868/424/378 869/425/379
f 868/424/378 803/357/313 805/359/315 870/426/380
f 869/425/379 868/424/378 870/426/380 871/427/381
f 870/426/380 805/359/315 807/361/317 872/428/382
f 871/427/381 870/426/380 872/428/382 873/429/383
f 872/428/382 807/361/317 809/363/319 874/430/384
f 873/429/383 872/428/382 874/430/384 875/431/385
f 874/430/384 809/363/319 811/365/321 876/432/386
f 875/431/385 874/430/384 876/432/386 877/433/387
f 876/432/386 811/365/321 813/367/323 878/434/388
f 877/433/387 876/432/386 878/434/388 879/435/389
f 878/434/388 813/367/323 815/369/325 880/436/390
f 879/435/389 878/434/388 880/436/390 881/437/391
f 880/436/390 815/369/325 817/371/327 882/438/392
f 881/437/391 880/436/390 882/438/392 883/439/393
f 882/438/392 817/371/327 819/373/329 884/440/394
f 883/439/393 882/438/392 884/440/394 885/441/395
f 884/440/394 819/373/329 821/375/331 886/442/396
f 885/441/395 884/440/394 886/442/396 887/443/397
f 886/442/396 821/375/331 823/377/333 888/444/398
f 887/443/397 886/442/396 888/444/398 889/445/399
f 888/444/398 823/377/333 825/379/335 890/446/400
f 889/445/399 888/444/398 890/446/400 891/447/401
f 890/446/400 825/379/335 827/381/337 892/448/402
f 891/447/401 890/446/400 892/448/402 893/449/403
f 892/448/402 827/381/337 829/383/339 894/450/404
f 893/449/403 892/448/402 894/450/404 895/451/405
f 894/450/404 829/383/339 831/385/341 896/6/406
f 895/451/405 894/450/404 896/6/406 897/452/407
f 896/6/406 831/385/341 833/387/343 898/453/408
f 897/452/407 896/6/406 898/453/408 899/454/409
f 898/453/408 833/387/343 835/389/345 900/455/410
f 899/454/409 898/453/408 900/455/410 901/456/411
f 900/455/410 835/389/345 837/391/347 902/457/412
f 901/456/411 900/455/410 902/457/412 903/458/413
f 902/457/412 837/391/347 839/393/349 904/459/414
f 903/458/413 902/457/412 904/459/414 905/460/415
f 904/459/414 839/393/349 841/395/351 906/461/416
f 905/460/415 904/459/414 906/461/416 907/462/417
f 906/461/416 841/395/351 843/397/353 908/463/418
f 907/462/417 906/461/416 908/463/418 909/464/419
f 908/463/418 843/397/353 845/399/355 910/465/420
f 909/464/419 908/463/418 910/465/420 911/466/421
f 910/465/420 845/399/355 847/401/357 912/467/361
f 911/466/421 910/465/420 912/467/361 913/468/422
f 913/469/422 912/407/361 850/405/359 915/411/365
f 914/470/423 913/469/422 915/411/365 916/471/424
f 976/472/425 911/466/421 913/468/422 914/473/423
f 916/471/424 915/411/365 853/409/363 918/474/426
f 917/475/427 916/471/424 918/474/426 919/476/428
f 978/477/429 914/470/423 916/471/424 917/475/427
f 918/474/426 853/409/363 855/410/364 920/478/430
f 919/476/428 918/474/426 920/478/430 921/479/431
f 920/478/430 855/410/364 857/413/367 922/480/432
f 921/479/431 920/478/430 922/480/432 923/481/433
f 922/480/432 857/413/367 859/415/369 924/482/434
f 923/481/433 922/480/432 924/482/434 925/483/435
f 924/482/434 859/415/369 861/417/371 926/484/436
f 925/483/435 924/482/434 926/484/436 927/485/437
f 926/484/436 861/417/371 863/419/373 928/486/438
f 927/485/437 926/484/436 928/486/438 929/487/439
f 928/486/438 863/419/373 865/421/375 930/488/440
f 929/487/439 928/486/438 930/488/440 931/489/441
f 930/488/440 865/421/375 867/423/377 932/490/442
f 931/489/441 930/488/440 932/490/442 933/491/443
f 932/490/442 867/423/377 869/425/379 934/492/444
f 933/491/443 932/490/442 934/492/444 935/493/445
f 934/492/444 869/425/379 871/427/381 936/494/446
f 935/493/445 934/492/444 936/494/446 937/495/447
f 936/494/446 871/427/381 873/429/383 938/496/448
f 937/495/447 936/494/446 938/496/448 939/497/449
f 938/496/448 873/429/383 875/431/385 940/498/450
f 939/497/449 938/496/448 940/498/450 941/499/451
f 940/498/450 875/431/385 877/433/387 942/500/452
f 941/499/451 940/498/450 942/500/452 943/501/453
f 942/500/452 877/433/387 879/435/389 944/502/454
f 943/501/453 942/500/452 944/502/454 945/503/455
f 944/502/454 879/435/389 881/437/391 946/504/456
f 945/503/455 944/502/454 946/504/456 947/505/457
f 946/504/456 881/437/391 883/439/393 948/506/458
f 947/505/457 946/504/456 948/506/458 949/507/459
f 948/506/458 883/439/393 885/441/395 950/508/460
f 949/507/459 948/506/458 950/508/460 951/509/461
f 950/508/460 885/441/395 887/443/397 952/510/462
f 951/509/461 950/508/460 952/510/462 953/511/463
f 952/510/462 887/443/397 889/445/399 954/512/464
f 953/511/463 952/510/462 954/512/464 955/513/465
f 954/512/464 889/445/399 891/447/401 956/514/466
f 955/513/465 954/512/464 956/514/466 957/515/467
f 956/514/466 891/447/401 893/449/403 958/516/468
f 957/515/467 956/514/466 958/516/468 959/517/469
f 958/516/468 893/449/403 895/451/405 960/518/470
f 959/517/469 958/516/468 960/518/470 961/519/471
f 960/518/470 895/451/405 897/452/407 962/520/472
f 961/519/471 960/518/470 962/520/472 963/521/473
f 962/520/472 897/452/407 899/454/409 964/522/474
f 963/521/473 962/520/472 964/522/474 965/523/475
f 964/522/474 899/454/409 901/456/411 966/524/476
f 965/523/475 964/522/474 966/524/476 967/525/477
f 966/524/476 901/456/411 903/458/413 968/526/478
f 967/525/477 966/524/476 968/526/478 969/527/497
f 968/526/478 903/458/413 905/460/415 970/528/480
f 969/527/497 968/526/478 970/528/480 971/529/481
f 970/528/480 905/460/415 907/462/417 972/530/482
f 971/529/481 970/528/480 972/530/482 973/531/483
f 972/530/482 907/462/417 909/464/419 974/532/484
f 973/531/483 972/530/482 974/532/484 975/533/485
f 974/532/484 909/464/419 911/466/421 976/472/425
f 975/533/485 974/532/484 976/472/425 977/534/486
f 977/534/486 976/472/425 914/473/423 978/535/429
f 979/536/487 975/533/485 977/534/486
f 979/537/487 977/534/486 978/535/429
f 979/538/487 929/487/439 931/489/441
f 979/539/487 931/489/441 933/491/443
f 979/540/487 933/491/443 935/493/445
f 979/541/487 935/493/445 937/495/447
f 979/542/487 937/495/447 939/497/449
f 979/543/487 939/497/449 941/499/451
f 979/544/487 941/499/451 943/501/453
f 979/545/487 943/501/453 945/503/455
f 979/546/487 945/503/455 947/505/457
f 979/547/487 947/505/457 949/507/459
f 979/548/487 949/507/459 951/509/461
f 979/549/487 951/509/461 953/511/463
f 979/550/487 953/511/463 955/513/465
f 979/551/487 955/513/465 957/515/467
f 979/552/487 957/515/467 959/517/469
f 979/553/487 959/517/469 961/519/471
f 979/554/487 961/519/471 963/521/473
f 979/555/487 963/521/473 965/523/475
f 979/556/487 965/523/475 967/525/477
f 979/557/487 967/525/477 969/527/497
f 979/558/487 969/527/497 971/529/481
f 979/559/487 971/529/481 973/531/483
f 979/560/487 973/531/483 975/533/485
f 979/561/487 978/477/429 917/475/427
f 979/562/487 917/475/427 919/476/428
f 979/563/487 919/476/428 921/479/431
f 979/564/487 921/479/431 923/481/433
f 979/565/487 923/481/433 925/483/435
f 979/566/487 925/483/435 927/485/437
f 979/567/487 927/485/437 929/487/439
s 0
usemtl Material.004
f 488/1/488 489/2/488 492/3/488 491/4/488
f 488/5/489 490/6/489 489/7/489
f 491/8/490 490/6/490 488/5/490
f 492/9/491 490/6/491 491/8/491
f 489/7/492 490/6/492 492/9/492
usemtl Material.001
f 1/1/1 2/2/1 5/3/1 4/4/1
f 1/5/2 3/6/2 2/7/2
f 4/8/3 3/6/3 1/5/3
f 5/9/4 3/6/4 4/8/4
f 2/7/5 3/6/5 5/9/5
usemtl Material.009
f 980/1/488 981/2/488 984/3/488 983/4/488
f 980/5/489 982/6/489 981/7/489
f 983/8/490 982/6/490 980/5/490
f 984/9/491 982/6/491 983/8/491
f 981/7/492 982/6/492 984/9/492
usemtl Material.010
f 493/1/1 494/2/1 497/3/1 496/4/1
f 493/5/2 495/6/2 494/7/2
f 496/8/3 495/6/3 493/5/3
f 497/9/4 495/6/4 496/8/4
f 494/7/5 495/6/5 497/9/5
